,primary_title,runtime_minutes,genres_x,release_date,production_budget,domestic_gross,worldwide_gross,total_profit,content_rating,directors,actors
0,It,135.0,"Horror,Thriller","Sep 8, 2017",35000000,327481748,697457969,662457969,NR,"Clarence Badger, Josef von Sternberg, Clarence G. Badger","Clara Bow, Antonio Moreno, William Austin, Jacqueline Gadsdon, Jacqueline Gadsden, Priscilla Bonner, Julia Swayne Gordon, Eleanor Lawson, Elinor Glyn, Gary Cooper, Rose Tapley, Lloyd Corrigan"
1,It,135.0,"Horror,Thriller","Sep 8, 2017",35000000,327481748,697457969,662457969,R,Andy Muschietti,"Jaeden Martell, Jeremy Ray Taylor, Sophia Lillis, Bill Skarsgård, Finn Wolfhard, Jack Dylan Grazer, Wyatt Oleff, Chosen Jacobs, Nicholas Hamilton, Jackson Robert Scott, Jake Sim, Logan Thompson, Owen Teague, Stephen Bogaert, Stuart Hughes, Geoffrey Pounsett, Pip Dwyer, Molly Jane Atkinson, Steven Williams, Elizabeth Saunders, Megan Charpentier, Joe Bostick, Ari Cohen, Anthony Ulc, Javier Botet, Katie Lunman, Carter Musselman, Tatum Lee, Edie Inksetter, Martha Gibson, Kasie Rayner, Isabelle Nélisse, Jocelyn Mattka, Donald Tripe, Liz Gordon, Paige Rosamond, Neil Crone, Sonia Gascon, Janet Porter, Memo Diaz Capt, Roberto Campanella"
3,Ghost,118.0,Horror,"Jul 13, 1990",22000000,217631306,517600000,495600000,PG-13,Jerry Zucker,"Patrick Swayze, Demi Moore, Whoopi Goldberg, Tony Goldwyn, Rick Aviles, Armelia McQueen, Gail Boggs, Vincent Schiavelli, Phil Leeds, Christopher Keene, Susan Breslau, Martina Degnan, John Hugh, Sam Tsoutsouvas, Angelina Estrada, Stephen Root, Thom Curley, Bruce Jarchow, Laura Drake, Vivian Bonnell, Alma Beltran, Said Faraj, Stanley Lawrence, Christopher J. Keene, Derek Thompson, Rick Kleber, J. Christopher Sullivan, Charlotte Zucker, Macka Foley, Tom Finnegan, Faye Brenner, William Cort, Minnie Lindsay, Mike Jittlov"
4,The Revenant,80.0,Horror,"Dec 25, 2015",135000000,183637894,532938302,397938302,R,D. Kerry Prior,"Chris Wylde, David Anders, Jace King, Louise Griffiths"
5,The Revenant,80.0,Horror,"Dec 25, 2015",135000000,183637894,532938302,397938302,R,"Alejandro González Iñárritu, Manny Palo","Leonardo DiCaprio, Tom Hardy, Domhnall Gleeson, Will Poulter, Forrest Goodluck, Paul Anderson, Lukas Haas, Melaw Nakehk'o, Brad Carter, Brendan Fletcher, Kristoffer Joner, Grace Dove Syme, Kory Grim, Dave Burchill, Robert Moloney, Christopher Rosamund, Vincent Leclerc, Joshua Burge, Christopher Rosamond, Chris Ippolito, Mark Krysko, McCaleb Burnett, Duane Howard, Fabrice Adde, Arthur Redcloud, Tyson Wood, Stephane Legault, Amelia Crow Shoe, Emmanuel Bilodeau, Peter Strand Rumple, Cole Vandale, Tom Guiry, Scott Olynek, Timothy Lyle, Jamie Medicine Crane, Veronica Marlowe, Chesley Wilson, Clarence Hoof, Adrian McMorran, Alexandre Bisping, Dion Little Child, C. Adam Leigh, Blake Wildcat, Javiar Lopez, Paul Young Pine, Cody Big Tobacco, Haysam Kadri, Dallas Young Pine, Anthony Starlight, Michael Fraser, Scott Duncan, Mariah Old Shoes, Isaiah Tootoosis, Jeffrey Olynek, Kevin Corey, Daniel Rampanen, Jordan Crawford, Gerald Anderson, Julia Montes, Edu Manzano, Ina Raymundo, Boboy Garovillo, Yayo Aguila, Jett Pangan, Melissa Mendez"
6,The Meg,113.0,"Action,Horror,Sci-Fi","Aug 10, 2018",178000000,145443742,529530715,351530715,PG-13,Jon Turteltaub,"Jason Statham, Bingbing Li, Winston Chao, Rainn Wilson, Ruby Rose, Page Kennedy, Jessica McNamee, Olafur Darri Olafsson, Robert Taylor (VII), Cliff Curtis, Sophia Shuya Cai, Masi Oka, Tawanda Manyimo"
7,World War Z,116.0,"Action,Adventure,Horror","Jun 21, 2013",190000000,202359711,531514650,341514650,PG-13,Marc Forster,"Brad Pitt, Mireille Enos, James Badge Dale, Daniella Kertesz, Ludi Boeken, Fana Mokena, David Morse, Abigail Hargrove, Matthew Fox, Elyes Gabel, Peter Capaldi, Pierfrancesco Favino, Ruth Negga, Sterling Jerins, Fabrizio Zacharee Guido, David Andrews, John Gordon Sinclair, Michiel Huisman, Mustafa Harris, Ann Ogbomo, Jonathan Howard, Mike Noble, Ernesto Cantu, Vicky Araico, Graham Anthony Hornsby, Nick Bartlett, Kevin Kiely, Ruari Cannon, Ryen Perkins, Ryen Perkins-Gangnes, Khalid Laith, Noa Paulina Bodner, Asaf Haim Ben Shimon, Gil Cohen-Alloro, Yaniv Rokah, Shaul Ezer, Linoy Aynesaz, Efrat Avni, Maisam Masri, Renu Setna, Ori Pfeffer, Raul Julia Levy, Julia Levy-Boeken, Imran Mraish, Yousef Jubeh, Josh Wingate, Troy Glasgow, Richard Thompson, Song Xuan Ke, Christian Wong, Denis Ischenko, Nikola Djuricko, Elen Rhys, Paula Videniece, Doron Davidson, Lee Colley, Michael Jenn, Sarah Amankwah"
8,The Conjuring,112.0,"Horror,Mystery,Thriller","Jul 19, 2013",20000000,137400141,318000141,298000141,R,James Wan,"Vera Farmiga, Patrick Wilson, Ron Livingston, Lili Taylor, Shanley Caswell, Hayley McFarland, Joey King, Mackenzie Foy, Kyla Deaver, Shannon Kook, John Brotherton, Sterling Jerins, Marion Guyot, Morganna Bridgers, Amy Tipton, Kymoura Kennedy, Sean Flynn, Ashley White, Zach Pappas, Arnell Powell, Joseph Bishara, Rose Bachtel, J. Donovan Nelson, Christof Veillon, George T. Zervos, Carmella Gioio, Steve Coulter, Desi Domo, Dusty"
9,Annabelle: Creation,109.0,"Horror,Mystery,Thriller","Aug 11, 2017",15000000,102092201,305384865,290384865,R,David F. Sandberg,"Stephanie Sigman, Talitha Bateman, Lulu Wilson, Philippa Coulthard, Grace Fulton, Lou Lou Safran, Tayler Buck, Samara Lee, Anthony LaPaglia, Miranda Otto"
10,Resident Evil: The Final Chapter,107.0,"Action,Horror,Sci-Fi","Jan 27, 2017",40000000,26844692,314101190,274101190,R,Paul W.S. Anderson,"Milla Jovovich, Ali Larter, Iain Glen, Shawn Roberts, William Levy, Eoin Macken, Joon-Gi Lee, Fraser James, Ever Anderson"
11,Get Out,104.0,"Horror,Mystery,Thriller","Feb 24, 2017",5000000,176040665,255367951,250367951,R,Jordan Peele,"Daniel Kaluuya, Allison Williams, Catherine Keener, Bradley Whitford, Caleb Landry Jones, Marcus Henderson, Betty Gabriel, LaKeith Stanfield, Stephen Root, Ashley LeConte Campbell, John Wilmot, Lil Rel Howery"
12,Annabelle,99.0,"Horror,Mystery,Thriller","Oct 3, 2014",6500000,84273813,256862920,250362920,R,John R. Leonetti,"Annabelle Wallis, Ward Horton, Alfre Woodard, Tony Amendola, Eric Ladin, Kerry O'Malley, Brian Howe, Ivar Brogger, Geoff Wehner, Gabriel Bateman, Shiloh Nelson, Sasha Sheldon, Camden Singer, Robin Pearson Rose, Keira Daniels, Kelly O'Malley"
13,Halloween,106.0,"Horror,Thriller","Oct 19, 2018",10000000,159342015,254900667,244900667,R,John Carpenter,"Donald Pleasence, Jamie Lee Curtis, Nancy Kyes, P.J. Soles, Charles Cyphers, Brian Andrews, John Michael Graham, Nancy Stephens, Arthur Malet, Mickey Yablans, Brent LePage, Adam Holender, Adam Hollander, Robert Phalen, Tony Moran, Will Sandin, Sandy Johnson (II), David Kyle, Peter Griffith, Nick Castle Jr."
14,Halloween,106.0,"Horror,Thriller","Oct 19, 2018",10000000,159342015,254900667,244900667,R,Rob Zombie,"Malcolm McDowell, Brad Dourif, Tyler Mane, William Forsythe, Udo Kier, Daeg Faerch, Sheri Moon Zombie, Hanna R. Hall, Richard Lynch, Clint Howard, Danny Trejo, Lew Temple, Tom Towles, Bill Moseley, Leslie Easterbrook, Scout Taylor-Compton, Adrienne Barbeau, Danielle Harris, Skyler Gisondo, Dee Wallace, Courtney Gains, Jenny Gregg Stewart, Hanna Hall, Kristina Klebe, Adam Weisman, Max Van Ville, Nick Mennell, Pat Skipper, Daryl Sabara, Richard Arquette, Ken Foree, Paul Kampf, Ezra Buzzington, Nikki Taylor Melton, Deven Streeton, Calico Cooper, Sybil Danning, Micky Dolenz, Daniel Roebuck, Mel Fair, Sid Haig"
15,Halloween,106.0,"Horror,Thriller","Oct 19, 2018",10000000,159342015,254900667,244900667,R,David Gordon Green,"Jamie Lee Curtis, Judy Greer, Andi Matichak, Will Patton, Virginia Gardner, Nick Castle Jr., Miles Robbins, Toby Huss, Jefferson Hall, James Jude Courtney, Haluk Bilginer, Rhian Rees, Aaron Korey, Dylan Arnold, Drew Scheid, Jibrail Nantambu, Michael 'Mick' Harrity, William Matthew Anderson, Diva Tyler, Brien Gregorie, Vince Mattis, Omar J. Dorsey, Pedro Lopez, Charlie Benton, Christopher Allen Nelson, Teresa Ann Johnson, Jonathan Bruce, Charlie Donadio, Stephanie Butts, Michael Smallwood, Carmela McNeal, Miguel Macario Mata, Kurt Deimer, Christopher Holloway, Roger Antonio, Jacob M. Arnold, Sophia Miller, Colin Mahan, P J Soles, Judith Myers, Jon-Erik Hexum, Meeno Peluce, Varnum Honey"
16,Resident Evil: Afterlife,96.0,"Action,Adventure,Horror","Sep 10, 2010",57500000,60128566,295874190,238374190,R,"Paul W.S. Anderson, Russell Mulcahy","Milla Jovovich, Ali Larter, Kim Coates, Shawn Roberts, Sergio Peris-Mencheta, Spencer Locke, Boris Kodjoe, Wentworth Miller, Sienna Guillory, Kacey Clarke, Norman Yeung, Fulvio Cecere, Ray Olubowale, Christopher Kano, Tatsuya Goke, Nobuya Shimamoto, Kenta Tomeoki, Peter Kosaka, Denis Akiyama, Shin Kawai, Mika Nakashima, Denis Akiyama Voyo, Oded Fehr, Paul W.S. Anderson, Jeremy Bolt, Don Carmody, Bernd Eichinger, Samuel Hadida, Victor Hadida, Hiroyuki Kobayashi, Robert Kulzer, Martin Moszkowicz"
17,Glass,77.0,"Crime,Horror,Mystery","Jan 18, 2019",20000000,111035005,245303505,225303505,PG-13,M. Night Shyamalan,"Bruce Willis, James McAvoy, Samuel L. Jackson, Sarah Paulson, Anya Taylor-Joy, Spencer Treat Clark, Luke Kirby, Jane Park Smith, Nina Marie Wisner, Marisa Brown, Charlayne Woodard, Diana Silvers, Shayna Ryan, Adam David Thompson"
18,Paranormal Activity 3,83.0,"Horror,Mystery,Thriller","Oct 21, 2011",5000000,104028807,207039844,202039844,R,"Ariel Schulman, Henry Joost","Jessica Tyler Brown, Chloe Csengery, Christopher Nicholas Smith, Lauren Bittner, Dustin Ingram, Maria Olsen"
19,Resident Evil: Retribution,95.0,"Action,Horror,Sci-Fi","Sep 14, 2012",65000000,42345531,240647629,175647629,R,Paul W.S. Anderson,"Sienna Guillory, Milla Jovovich, Colin Salmon, Michelle Rodriguez, Kevin Durand, Shawn Roberts, Johann Urb, Boris Kodjoe, Aryana Engineer, Robin Kasyanov, Ofilio Portillo, Oded Fehr, Toshio Oki, Takato Yamashita, Mika Nakashima, Megan Charpentier, Ave Merson-O'Brian, Ray Olubowale, Kevin Shad, Razaaq Adoti, Kim Coates, Martin Crewes, Iain Glen, Sandrine Holt, Thomas Kretschmann, Ali Larter, Spencer Locke, Eric Mabius, Wentworth Miller, James Purefoy, Norman Yeung, Anna Bolt, Indra Ove, Joseph May, Heike Makatsch, Liz May Brice, Pasquale Aleardi, Trevor Jones, Bingbing Li"
20,Paranormal Activity 2,91.0,Horror,"Oct 20, 2010",3000000,84752907,177512032,174512032,R,Tod Williams,"Katie Featherston, Micah Sloat, Brian Boland, Molly Ephraim, Sprague Grayden, Seth Ginsberg, William Juan Prieto, Jackson Xenia Prieto, Vivis Colombetti, David Bierend"
21,Insidious: The Last Key,103.0,"Horror,Mystery,Thriller","Jan 5, 2018",10000000,67745330,167885588,157885588,PG-13,Adam Robitel,"Lin Shaye, Angus Sampson, Leigh Whannell, Josh Stewart, Caitlin Gerard, Spencer Locke, Javier Botet, Kirk Acevedo, Bruce Davison, Tessa Ferrer, Ava Kolker"
22,Click,127.0,"Drama,Horror,Mystery","Jun 23, 2006",82500000,137355633,237685089,155185089,PG-13,Frank Coraci,"Adam Sandler, Kate Beckinsale, Christopher Walken, David Hasselhoff, Henry Winkler, Julie Kavner, Sean Astin, Rachel Dratch, Joseph Castanon, Jonah Hill, Jake Hoffman, Tatum McCann, Lorraine Nicholson, Katie Cassidy, Cameron Monaghan, Jennifer Coolidge, Sophie Monk, Michelle Lombardo, Jana Kramer, Nick Swardson, Sidney Ganis, Sid Ganis, Michael Yama, Eiji Inoue, Mio, Toshi Toda, Katheryn Cain, Frank Coraci, John Pagano, George K. Eguchi, Emilio Cast, Elliot Cho, Tim Herlihy, Carolyn Hennesy, Ireesha, Alan Au, Elena Patten, Cheyenne Alexis Dean, Dolores O'Riordan Burton, Willy Goldstein, Sally Insul, Lily Mo Sheen, Carolyn Hennessey, Gary Holm, Cheyenne Dean, Ryan Keiser, Christopher Gutierrez, Nickole Reyes, Brianne Davis, Robert Jones, Jenae Altschwager, Manish Goyal, Marco Kahn, Ahmad Jordan, Jamil N. Hodaly, Alireza Tanbakoochi, Nate Torrence, Blake Neely"
23,Inferno,58.0,Horror,"Oct 28, 2016",75000000,34343574,219519367,144519367,R,Dario Argento,"Leigh McCloskey, Irene Miracle, Sacha Pitoëff, Daria Nicolodi, Eleonora Giorgi, Gabriele Lavia, Veronica Lazar, Alida Valli, Feodor Chaliapin Jr., Leopoldo Mastelloni, Ania Pieroni, Anja Pieroni, James Fleetwood, Paolo Paoloni, Fulvio Mingozzi, Luigi Lodoli, Rosario Rigutini, Rodolfo Lodi, Ryan Hilliard, Godfrey Salmon"
24,Inferno,58.0,Horror,"Oct 28, 2016",75000000,34343574,219519367,144519367,PG-13,Ron Howard,"Tom Hanks, Felicity Jones, Irrfan Khan, Omar Sy, Ben Foster, Sidse Babett Knudsen, Ana Ularu, Ida Darvish, Paul Ritter, Jon Donahue, Paolo Antonio Simioni, Alessandro Grimaldi, Vincenzo Tanassi, Alessandro Fabrizi, Simone Mariani, Fortunato Cerlino, Attila Arpa, Kata Sarbo, Kata Sarbo, Francesca Inaudi, Maria Grazia Mandruzzato, Philip Arditti, Mehmet Ergen, Vincent Riotta, Cristian Stelluti, Alberto Basaluzzo, Luca Fiorilli, Gábor Nagypál, Gianni Annoni, Yang Haiwen, Mirjam Novak, Gabor Diossi, Peter Schueller, Rebecka Sternberg, Lili Gesler, Sardar Tagirovsky, Mario Acampa, Gabor Atlasz, Pasquale Corrente, Xavier Laurent, Peter Linka, Felipe Torres, Emilio Dino Conti, Kerem Ozen, Buyukkol Mehmet Onur, Balint Adorjani, Zsolt Páll"
25,City of Angels,,"Action,Drama,Horror","Apr 10, 1998",55000000,78750909,198750909,143750909,PG-13,Brad Silberling,"Nicolas Cage, Meg Ryan, Andre Braugher, Dennis Franz, Colm Feore, Robin Bartlett, Joanna Merlin, Sarah Dampf, Rhonda Dotson, Nigel Gibbs, John Putch, Lauri Johnson, Christian Aubert, Jay Patterson, Shishir Kurup, Brian Markinson, Hector Velasquez, Marlene Kanter, Bernard White, Dan Desmond, Deirdre O'Connell, Kim Murphy, Chad Lindberg, Alexander Folk, Rainbow Borden, Harper Roisman, Sid Hillman, Wanda Lee Evans, Wanda Christine, E.J. Callahan, Tudi Roche, David Moreland, Kristina Malota, Stan Davis, Mik Scriba, Nick Offerman, Kieu Chinh, Geoffrey A. Thorne, Peter Spellos, Jim Kline, Cherene Snow, Theodore Borders"
26,Alien: Covenant,122.0,"Horror,Sci-Fi,Thriller","May 19, 2017",97000000,74262031,238521247,141521247,R,Ridley Scott,"Michael Fassbender, Katherine Waterston, Billy Crudup, Demian Bichir, Danny McBride (IV), Jussie Smollett, Amy Seimetz, Carmen Ejogo, Callie Hernandez, Benjamin Rigby, Guy Pearce"
27,Paranormal Activity 4,88.0,"Horror,Mystery,Thriller","Oct 19, 2012",5000000,53900335,142817992,137817992,R,"Ariel Schulman, Henry Joost","Katie Featherston, Kathryn Newton, Matt Shively, Brady Allen, Stephen Dunham, Alexondra Lee"
28,21,98.0,Horror,"Mar 28, 2008",35000000,81159365,159846429,124846429,PG-13,Robert Luketic,"Jim Sturgess, Kate Bosworth, Laurence Fishburne, Kevin Spacey, Aaron Yoo, Liza Lapira, Jacob Pitts, Jack McGee, Josh Gad, Sam Golzari, Helen Carey, Jack Gilpin, Donna Lows, Butch Williams, Jeffrey Ma, Frank Patton, Steven Richard Vezina, Chaska T. Werner, Kyle D. Morris, Ernell Manabat, Frankie DeAngelo, Marcus Weiss, Anthony DiMaria, Christopher Holley, Scott Clark Beringer, Terasa Livingstone, Jeff Dashnaw, Colin Angle, Supriya Chakrabarti, Bradley Thoennes, Kieu Chinh, Alice Lo, Sally Livingston, Henry Houh, Frank Chen, Spencer Garrett, Celeste Oliva, Tom McGowan, Ruby Hondros, Christian Mello, Greg Seymore"
29,The First Purge,98.0,"Action,Horror,Sci-Fi","Jul 4, 2018",13000000,69488745,136617305,123617305,R,Gerard McMurray,"Y'lan Noel, Lex Scott Davis, Joivan Wade, Marisa Tomei, Luna Lauren Vélez, Aaron V. Williamson, Chyna Layne, Patch Darragh, Melonie Diaz"
30,Happy Death Day,96.0,"Horror,Mystery,Thriller","Oct 13, 2017",5000000,55683845,125010260,120010260,PG-13,,"Jessica Rothe, Israel Broussard, Ruby Modine, Rachel Matthews, Charles Aitken, Laura Clifton"
31,Final Destination 5,92.0,Horror,"Aug 12, 2011",40000000,42587643,155011165,115011165,R,Steven Quale,"Nick D'Agosto, Emma Bell, Miles Fisher, Ellen Wroe, Jacqueline MacInnes Wood, P.J. Byrne, Arlen Escarpeta, David Koechner, Courtney B. Vance, Arlen Alexander Escarpeta, Tony Todd, Brent Stait, Roman Podhora, Jasmin Dring, Barclay Hope, Chasty Ballesteros, Mike Dopud, Tanya Hubbard, Frank Topol, Tim Fellingham, Blaine Anderson, Dawn Chubai, Ryan Hesp, Ian Thompson, Andy Nez, Jodi Balfour, June B. Wilde, Brittany Rogers, Diana Pavlovská, Michael D. Adamthwaite, Grace Baek, Allan Wilson"
32,The Woman in Black,95.0,"Drama,Fantasy,Horror","Feb 3, 2012",15000000,54333290,128955898,113955898,PG-13,James Watkins,"Daniel Radcliffe, Ciarán Hinds, Janet McTeer, Shaun Dooley, Liz White, David Burke, Sophie Stuckey, Roger Allam, Misha Handley, Jessica Raine, Lucy May Barker, Indira Ainger, Andy Robb, Mary Stockley, Alexia Osborne, Harmon Ellisa, Alfie Field, Walker-Reid, William Tobin, Victor McGuire, Cathy Sara, Tim McMullan, Daniel Cerqueira, Andrew Robb, Alisa Khazanova, Ashley Foster, Aoife Doherty, Sidney Johnston, Emma Shorey Molly, Molly Harmon, Ellisa Walker-Reid"
33,Poltergeist,93.0,"Horror,Thriller","Jun 4, 1982",10700000,74706019,121706019,111006019,PG,Tobe Hooper,"JoBeth Williams, Craig T. Nelson, Beatrice Straight, Dominique Dunne, Oliver Robins, Heather O'Rourke, Zelda Rubinstein, Marty Casella, Martin Casella, Richard Lawson, Michael McManus, Virginia Kiser, James Karen, Lou Perry, Jane Feinberg, Clair E. Leucart, Mike Fenton, Dirk Blocker, Allan Graf, Joseph R. Walsh, Helen Baron, Noel Conlon, Robert Broyles, Joseph Walsh, Sonny Landham, Jeff Bannister, William Vail, Craig Simmons, Phil Stone, Philip Stone"
34,Poltergeist,93.0,"Horror,Thriller","Jun 4, 1982",10700000,74706019,121706019,111006019,PG-13,Gil Kenan,"Sam Rockwell, Rosemarie DeWitt, Kyle Catlett, Saxon Sharbino, Kennedi Clements, Jared Harris, Susan Heyward, Nicholas Braun, Soma Bhatia, Karen Ivany, L.A. Lopes"
35,The Purge: Election Year,108.0,"Action,Horror,Sci-Fi","Jul 1, 2016",10000000,79042440,118514727,108514727,R,James DeMonaco,"Frank Grillo, Elizabeth Mitchell, Mykelti Williamson, Edwin Hodge, Betty Gabriel, Joseph Julian Soria, Kyle Secor, Liza Colon-Zayas, Ethan Phillips, Raymond J. Barry, Adam Cantor, Christopher James Baker, Jared Kemp, Brittany Mirabile, Naeem Duren, Naheem Garcia, Steven Barkhimer, Tom Kemp, Portland Helmich, Roman Blat, David Aaron Baker, George Lee Miles, Antoine Coetzee, Johnnie Mae, Drew Cooper, Tom Paolino, Emily Petta, Alexander Cook, Juani Feliz, Jamal Peters, Matt Walton, Thomas Rhett Kee, Lonnie Farmer, Christy Coco, Hank Amos, Darcie Fisher, Alexander Schüler, Lindsey Pires, Emily Smith, Terry Serpico"
36,The Shallows,86.0,"Drama,Horror,Thriller","Jun 24, 2016",13000000,55121623,118763442,105763442,PG-13,Jaume Collet-Serra,"Blake Lively, Oscar Jaenada, Sedona Legge, Brett Cullen, Angelo Josue, Lozano Corzo, Trujillo Salas, José Manuel, Pablo Calva, Janelle Bailey, Ava Dean, Chelsea Moody, Diego Espejel, Sully Seagull"
37,Road Trip,90.0,Horror,"May 19, 2000",16000000,68525609,119739110,103739110,R,Todd Phillips,"Breckin Meyer, Seann William Scott, Amy Smart, Paulo Costanzo, Anthony Rapp, Tom Green (III), Rachel Blanchard, DJ Qualls, Fred Ward, Ethan Suplee, Andy Dick, Horatio Sanz, Rhoda Griffis, Marla Scuharetza, Marla Sucharetza, Ellen Albertini Dow, Edmund Lyndeck, Wendell B. Harris Jr., Mia Amber Davis, Mary Lynn Rajskub, Jimmy Kimmel, Rini Bell"
38,10 Cloverfield Lane,103.0,"Drama,Horror,Mystery","Mar 11, 2016",5000000,72082999,108286422,103286422,PG-13,Dan Trachtenberg,"Mary Elizabeth Winstead, John Goodman, John Gallagher Jr., Bradley Cooper, Cindy Hogan, Mat Vairo, Maya Erskine, Douglas M. Griffin, Suzanne Cryer, Jamie Clay, Sumalee Montano, Frank Mottek"
39,The Purge: Anarchy,103.0,"Action,Horror,Sci-Fi","Jul 18, 2014",9000000,71562550,111534881,102534881,R,James DeMonaco,"Frank Grillo, Carmen Ejogo, Zach Gilford, Kiele Sanchez, Michael Kenneth Williams, Zoe Soul, Justina Machado, John Beasley, Jack Conley, Noel Gugliemi, Castulo Guerra, Edwin Hodge, LaKeith Stanfield, Roberta Valderrama, Niko Nicotera, Bel Hernandez, Lily Knight, Jasper Cole, Brandon Keener, Amy Price-Francis, Vick Sabitjian, Matt Lasky, Wiley B. Oscar, Nicholas Gonzalez, Chad Morgan, Judith McConnell, Adrian Sparks, Rick Chambers, Amy Paffrath, Dale Dye, Carla Jimenez, Brad Drake, Rowan Alexander, Roger Schueller, Michael Thurman, Branton Box, Brennan Foenix"
40,The Devil Inside,83.0,Horror,"Jan 6, 2012",1000000,53262945,101759490,100759490,R,William Brent Bell,"Fernanda Andrade, Suzan Crowley, Simon Quarterman, Evan Helmuth, Ionut Grama, Bonnie Morgan, Brian D. Johnson"
41,Insidious,103.0,"Horror,Mystery,Thriller","Apr 1, 2011",1500000,54009150,99870886,98370886,PG-13,James Wan,"Patrick Wilson, Rose Byrne, Ty Simpkins, Lin Shaye, Leigh Whannell, Angus Sampson, Barbara Hershey, Andrew Astor, Kelly Devoto, Corbett Tuck, Heather Tocquigny, Ruben Pla, John Henry Binder, Joseph Bishara, Philip Friedman, J LaRose"
42,Ouija,89.0,"Horror,Mystery,Thriller","Oct 24, 2014",5000000,50856010,103300632,98300632,PG-13,Stiles White,"Olivia Cooke, Daren Kagasoff, Douglas Smith, Ana Coto, Shelley Hennig, Sierra Heuermann, Sunny May Allison, Lin Shaye, Claudia Katz, Vivis Colombetti, Robyn Lively, Matthew Settle, Afra Tully, Claire Beale, Izzie Galanti, Morgan Peter Brown, Bill Watterson, Kathleen Coyne, Leigh Anne Bush, Jacob Lucas, Ken Blackwell, Bianca A. Santos"
43,Jigsaw,92.0,"Crime,Horror,Mystery","Oct 27, 2017",10000000,38052832,102445196,92445196,R,"Michael Spierig, Peter Spierig","Matt Passmore, Callum Keith Rennie, Clé Bennett, Hannah Emily Anderson, Laura Vandervoort, Mandela Van Peebles, Paul Braunstein, Brittany Allen, Josiah Black, Edward Ruttle, Tobin Bell"
44,Pet Sematary,101.0,"Horror,Mystery,Thriller","Apr 5, 2019",21000000,54724696,109501146,88501146,R,Mary Lambert,"Dale Midkiff, Fred Gwynne, Denise Crosby, Brad Greenquist, Blaze Berdahl, Miko Hughes, Michael Lombard, Susan Blommaert, Stephen King, Mara Clark, Kavi Raz, Mary Louise Wilson, Andrew Hubatsek, Liz Davies, Kara Dalke, Matthew August Ferrell, Lisa Stathoplos, Elizabeth Ureneck, Chuck Courtney, Richard Collier, Chuck Shaw, Eleanor Grace Courtemanche, Donnie Greene, Peter T. Stader, Lila Duffy, John David Moore, Mary R. Hughes, Dorothy McCabe, Beau Berdahl"
45,Pet Sematary,101.0,"Horror,Mystery,Thriller","Apr 5, 2019",21000000,54724696,109501146,88501146,R,"Kevin Kölsch, Dennis Widmyer","Jason Clarke, Amy Seimetz, Jeté Laurence, Hugo Lavoie, Lucas Lavoie, John Lithgow, Obssa Ahmed, Alyssa Brooke Levine, Sonia Maria Chirila, Maria Herrera, Naomi Frenette"
46,The Purge,85.0,"Horror,Thriller","Jun 7, 2013",3000000,64473115,91266581,88266581,R,James DeMonaco,"Ethan Hawke, Lena Headey, Adelaide Kane, Max Burkholder, Edwin Hodge, Rhys Wakefield, Tony Oller, Arija Bareikis, Tom Yi, Chris Mulkey, Tisha French, Dana Bunch, Peter Gvozdas, John Weselcouch, Alicia Vela-Bailey"
47,Dark Shadows,113.0,"Comedy,Fantasy,Horror","May 11, 2012",150000000,79727149,238202668,88202668,PG-13,Tim Burton,"Johnny Depp, Helena Bonham Carter, Chloë Grace Moretz, Eva Green, Gulliver McGrath, Bella Heathcote, Ray Shirley, Thomas McDonell, Jackie Earle Haley, Jonny Lee Miller, Gully McGrath, Michelle Pfeiffer, Christopher Lee, Alice Cooper, Ivan Kaye, Justin Tracy, Susanna Cappellaro, Josephine Butler, William Hope, Shane Rimmer, Michael J. Shannon, Harry Taylor, Glen Mexted, Guy Flanagan, Nigel Whitmey, Philip Bulcock, Sophie Kennedy Clark, Hannah Murray, Victoria Bewick, Sean Mahon, Alexia Osborne, Richard Hollis, Felicity Brangan, Michael Anthony Brown, Charlotte Spencer, Gabriel Freilich, Thomas Grube, Jeff Mash, Raffey Cassidy, Jonathan Frid, Kathryn Leigh Scott, Lara Parker, David Selby, Janine Craig, Adelle Young, Dominica Van Santen, Josephine McGrail"
48,Paranormal Activity: The Marked Ones,84.0,"Horror,Mystery,Thriller","Jan 3, 2014",5000000,32462372,90904854,85904854,R,Christopher Landon,"Andrew Jacobs, Eddie Fernandez, Molly Ephraim, Carlos Pratts, Richard Cabral, Eddie J. Fernandez, Gabrielle Walsh, Jorge Diaz, David Fernandez Jr."
49,Warm Bodies,98.0,"Comedy,Horror,Romance","Feb 1, 2013",30000000,66380662,115121608,85121608,PG-13,Jonathan Levine,"Nicholas Hoult, Teresa Palmer, Rob Corddry, John Malkovich, Dave Franco, Analeigh Tipton, Cory Hardrict, Daniel Rindress Kay, Vincent Leclerc, Clifford LeDuc-Vaillancourt, Billie Calmeau, Adam Driscoll, Chris Cavener, Jonathan Dubsky, Alec Bourgeois, Robert Reynolds, Felix Bergeron, Josee Laviolette, Zavier Vaillancourt, John Topor, Aaron Janke, Ayisha Issa, Chimwemwe Dave Miller, Christine ""Lady Lighting"" Rodriguez, Serge Cambronne, Debbie Wong, Quinn O'Neil, Bineyam Girma, Brent Skagford, Arthur Holden, Raphael Grosz-Harvey, Christian Paul"
50,Sinister,110.0,"Horror,Mystery,Thriller","Oct 12, 2012",3000000,48086903,87727807,84727807,R,Scott Derrickson,"Ethan Hawke, Juliet Rylance, Fred Dalton Thompson, James Ransone, Michael Hall D'Addario, Clare Foley, Rob Riley, Tavis Smiley, Janet Zappala, Victoria Leigh, Cameron Ocasio, Ethan Haberfield, Danielle Kotch, Blake Mizrahi, Nick King, Vincent D'Onofrio"
51,A Nightmare on Elm Street,95.0,"Crime,Drama,Horror","Apr 30, 2010",35000000,63075011,117729621,82729621,R,Wes Craven,"Robert Englund, Heather Langenkamp, John Saxon, Ronee Blakely, Amanda Wyss, Nick Corri, Johnny Depp, Charles Fleischer, Joe Whipp, Joseph Whipp, Mimi Craven, Jack Shea, Ed Call, Edward Call, Mimi Meyer-Shaye, Sandy Lipton, Joe Unger, David Andrews, Jeff Levine, Donna Woodrum, Shashawnee Hall, Carol Pritikin, Brian Reise, Don Hannah, Lin Shaye"
52,A Nightmare on Elm Street,95.0,"Crime,Drama,Horror","Apr 30, 2010",35000000,63075011,117729621,82729621,R,Samuel Bayer,"Rooney Mara, Kyle Gallner, Thomas Dekker, Jackie Earle Haley, Katie Cassidy, Kellan Lutz, Clancy Brown, Connie Britton, Lia D. Mortensen, Christian Stolte, Julianna Damm, Katie Schooping Knight, Hailey Schooping Knight, Leah Uteg, Don Robert Cass, Kurt Naebig, Kyra Krumins, Brayden Coyer, Max Holt, Andrew Fiscella, Bob Kizer, Michael Lynne, Pete Kelly, Jason Brandstetter, Rob Riley, Scott Lindvall, Dominick Coviello, Parker Bagley, Jennifer Robers, Tania Randall, Logan Stalzer, Christopher Woods"
53,Evil Dead,91.0,"Fantasy,Horror,Thriller","Apr 5, 2013",17000000,54239856,97778356,80778356,R,Fede Alvarez,"Jane Levy, Shiloh Fernandez, Lou Taylor Pucci, Jessica Lucas, Liz Blackmore, Elizabeth Blackmore, Jim McLarty, Phoenix Connolly, Sian Davis, Stephen Butterworth, Karl Willetts, Randal Wilson, Rupert Degas, Bob Dorian, Ellen Sandweiss, Inca, Bruce Campbell"
54,Daylight,75.0,"Crime,Horror,Thriller","Dec 6, 1996",80000000,32908290,158908290,78908290,PG-13,Rob Cohen,"Sylvester Stallone, Amy Brenneman, Viggo Mortensen, Dan Hedaya, Jay O. Sanders, Karen Young, Claire Bloom, Vanessa Bell Calloway, Stan Shaw, Colin Fox, Danielle Harris, Barry Newman, Marcello Thedford, Sage Stallone, Jo Anderson, Renoly Santiago, Trina McGee-Davis, Mark Rolston, Rosemary Forsyth, Wang Luoyong, Marc Chadwick, Candace Miller, Lee Oakes, Sakina Jaffrey, Albert Macklin, Tony Munafo, Joseph Ragno, Nestor Serrano, Harold Bradley, Stephen Nalewicki, John Lees, Robert Sommer, Lenore Lohman, Mark DeAlessandro, Lisa McCullough, Penny Crone, Madison, Ed Wheeler, Dan Daily, Stephen James, Isis Mussenden"
55,Daylight,75.0,"Crime,Horror,Thriller","Dec 6, 1996",80000000,32908290,158908290,78908290,R,David Barker,"Aidan Redmond, Michael Godere, Iván Martín, Alexandra Meierhans, Aylam Orian, Brian Bickerstaff"
56,The Strangers,,"Action,Drama,Horror","May 30, 2008",9000000,52597610,83051676,74051676,R,Bryan Bertino,"Liv Tyler, Scott Speedman, Glenn Howerton, Gemma Ward, Kip Weeks, Laura Margolis, Peter Clayton-Luce, Alex Fisher"
57,Ouija: Origin of Evil,99.0,"Drama,Horror,Mystery","Oct 21, 2016",9000000,35144505,81831866,72831866,PG-13,Mike Flanagan,"Annalise Basso, Elizabeth Reaser, Lulu Wilson, Henry Thomas, Parker Mack, Halle Charlton, Alexis G. Zall, Doug Jones, Kate Siegel, Sam Anderson, Chelsea Gonzalez, Lincoln Melcher, Nicholas Keenan, Michael Weaver, Ele Keats, Eve Gordon, Chad Heffelfinger, Nina Mansker, John Prosky, Lin Shaye"
58,Red Eye,73.0,Horror,"Aug 19, 2005",26000000,57891803,96666486,70666486,PG-13,Wes Craven,"Rachel McAdams, Cillian Murphy, Brian Cox, Jayma Mays, Angela Paton, Laura Johnson, Suzie Plakson, Max Kasch, Jack Scalia, Teresa Press-Marx, Robert Pine, Carl Gilliard, Mary-Kathleen Gordon, Loren Lester, Philip Pavel, Amber Mead, Dey Young, Brittany Oaks, Tina Anderson, Jeanine Jackson, Joey Nader, Kyle Gallner, Dilva Henry, Monica McSwain, Tom Elkins, Amanda Young, Dane Farwell, Jennie Baek, Colby Donaldson, Beth Toussaint, Adam Gobble, Megan Crawford, C.C. Taylor, Scott Leva, Marc Macaulay, Skip Richard Crank, Mark Cotone, Jim Lemley, Martin Trees, Noelle Drake, Jenny Wade, Alex Edlin"
59,Abraham Lincoln: Vampire Hunter,105.0,"Action,Fantasy,Horror","Jun 22, 2012",67500000,37519139,137489730,69989730,R,Timur Bekmambetov,"Benjamin Walker, Dominic Cooper, Anthony Mackie, Mary Elizabeth Winstead, Rufus Sewell, Marton Csokas, Alan Tudyk, Jimmi Simpson, Erin Wasson"
60,The Possession,92.0,"Horror,Mystery,Thriller","Aug 31, 2012",14000000,49130588,82925064,68925064,PG-13,Ole Bornedal,"Jeffrey Dean Morgan, Kyra Sedgwick, Natasha Calis, Madison Davenport, Matisyahu, Grant Show, Rob LaBelle, Nana Gbewonyo, Anna Hagan, Brenda Crichlow, Jay Brazeau, Iris Quinn, Graeme Duffy, David Hovan, Chris Shields, Adam Young, Jim Thorburn, Quinn Lord, Nimet Kanji, James O'Sullivan, Marilyn Norry, Armin Chaim Kornfeld, John Cassini, Josh Whyte, Greg Rogers, Agam Darshi, Jarett John, Tim Perez, Cameron Sprague, Jordan Stein, Charles Siegel, Ari Solomon, Alex Bruhanski, Richard Newman, Robert Morrissette, Sol Pavony, Erin Simms, Frank Ferrucci, Sharmaine Yeoh, Antoine Safi, Ned Bellamy"
61,The Last Exorcism,87.0,"Drama,Horror,Thriller","Aug 27, 2010",1800000,41034350,70165900,68365900,PG-13,Daniel Stamm,"Patrick Fabian, Ashley Bell, Iris Bahr, Louis Herthum, Caleb Landry Jones, Tony Bentley, Shanna Forrestall, Justin Shafer, Carol Sutton, Victoria Patenaude, John Wilmot, Becky Fly, John Wright, Jr., M Denise Lee, Logan Craig Reed, Logan Craig Reid, Sofia Hujabre, Adam Grimes"
62,Paranormal Activity: The Ghost Dimension,88.0,"Horror,Mystery,Thriller","Oct 23, 2015",10000000,18297124,77959374,67959374,R,Gregory Plotkin,"Chris Murray, Brit Shaw, Ivy George, Dan Gill, Chloe Csengery, Jessica Tyler Brown, Jessica Brown, Olivia Taylor Dudley, Cara Pifko, Michael Krawic, Hallie Foote, Don R. McManus, Aiden Lovekamp, Mark Steger, Rebecca Larsen, Olivia Dudley"
63,The Forgotten,89.0,Horror,"Sep 24, 2004",50000000,66711892,117211892,67211892,PG-13,Joseph Ruben,"Julianne Moore, Dominic West, Gary Sinise, Alfre Woodard, Linus Roache, Anthony Edwards, Christopher Kovaleski, Jessica Hecht, Robert Wisdom"
64,Frankenstein,82.0,"Drama,Horror","Nov 4, 1994",45000000,22006296,112006296,67006296,NR,David Wickes,"Patrick Bergin, Randy Quaid, John Mills, Lambert Wilson, Fiona Gillies, Jacinta Mulcahy"
65,Frankenstein,82.0,"Drama,Horror","Nov 4, 1994",45000000,22006296,112006296,67006296,R,Bernard Rose,"Danny Huston, Carrie-Anne Moss, Adam Nagaitis, Tony Todd, Xavier Samuel, McKenna Grace, Carol Anne Watts, Maya Erskine, James Lew, Mary Gallagher, John Lacy, Ron Rogge, Carlton Caudle, Peter Adrian Sudarso, Alexander ""Matthew"" Jacobs, Ladell Preston, Rob Mars, Steve Hart, Jerry Ying, Jorge-Luis Pallo, Dave Pressler, Jeff Hilliard (II)"
66,Moonlight,87.0,Horror,"Oct 21, 2016",1500000,27854931,65245512,63745512,R,Paula Van der Oest,"Laurien Van Den Broeck, Hunter Bussemaker, Johan Leysen, Jemma Redgrave, Andrew Howard, David Bustard, Elvir Sabanovic"
67,Moonlight,87.0,Horror,"Oct 21, 2016",1500000,27854931,65245512,63745512,R,Barry Jenkins (III),"Naomie Harris, André Holland, Mahershala Ali, Janelle Monáe, Trevante Rhodes, Ashton Sanders, Jharrel Jerome"
68,Unfriended,83.0,"Horror,Mystery,Thriller","Apr 17, 2015",1000000,32789645,64364198,63364198,R,,
69,Conspiracy Theory,79.0,"Horror,Thriller","Aug 8, 1997",80000000,76118990,142783718,62783718,R,Richard Donner,"Mel Gibson, Julia Roberts, Patrick Stewart, Cylk Cozart, Stephen Kahan, Terry Alexander, Steve Kahan, Alex Mc Arthur, Rod McLachlan, Michael Potts, Jim Sterling, Rich Hebert, Brian J. Williams, G.A. Aguilar, Cece Neber Labao, Saxon Trainor, Claudia Stedelin, Leonard Jackson, Donal Gibson, Joanna Sanchez, Michael Shamus Wiles, Mik Scriba, Patrick Wilde, Mushond Lee, Kevin Kindlin, Troy Garity, J. Mills Goodloe, Michael Kurtz, Peter Koch, Kevin Jackson, Nick Kusenko, Karl Makinen, Darren Peel, Marian Collier, John Harms, Christine Toy, David Koch, Juan A. Riojas, Paul Tuerpé, Dean Winters, Jose Ramon Rosario, Louis Cantarini, Sean Patrick Thomas, Peter Jacobson, Edita Brychta, Sage Allen, Thomas J. McCarthy, K.T. Vogt, Joan Lunden, Matte Osian, Charles McDaniel, Dave Simonds, Rick Hoffman, Edward J. Rosen, Bert Remsen, Lincoln Simonds, Bill Henderson, Jay Della Valle, James Oliver, Kerry McCullen Palmisano, Victory Grace Palmisano, Kate Bayley, Irene Hilleary, Stephen Liska, Don Stanley, Lorna R. Millen, Brad Rea, Jim Van Wyck, Jayson Merrill, Dan Cracchiolo, John Schwartzman, Raymond King, Jared Crawford, Jeremy A. Graham, Chad Santiago, Christo Morse, H. Clay Dear, Daniel Nugent, Andrew Lauren, Tom Schanley, Kenneth Tigar, Maureen Lauder, Judith Woodbury, James W. Gavin, Al Cerullo, Charles W. Robinson, Robert Chaves, Cliff Fleming"
70,The Unborn,,Horror,"Jan 9, 2009",16000000,42670410,78208812,62208812,PG-13,David S. Goyer,"Odette Annable, Gary Oldman, Cam Gigandet, Meagan Good, Jane Alexander, Idris Elba, Rhys Coiro, Carla Gugino, James Remar, Aiden David"
71,The Rite,114.0,"Drama,Horror,Mystery","Jan 28, 2011",37000000,33047633,97143987,60143987,PG-13,Mikael Håfström,"Anthony Hopkins, Colin O'Donoghue, Alice Braga, Ciarán Hinds, Toby Jones, Rutger Hauer, Marta Gastini, Maria Grazia Cucinotta, Arianna Veronesi, Andrea Calligari, Chris Marquette, Torrey DeVitto, Ben Cheetham, Franco Nero, Marija Karan, Rosa Pianeta, Giampiero Ingrassia, Rosario Tedesco, Cecilia Dazzi, Anikó Vincze, Attila Bardóczy, Nadia Kibout, Anita Pititto, Sándor Baranyai, Fabiola Balestriere"
72,Hereditary,127.0,"Drama,Horror,Mystery","Jun 8, 2018",10000000,44069456,70133905,60133905,R,Ari Aster,"Toni Collette, Milly Shapiro, Alex Wolff, Gabriel Byrne, Mark Blockovich, John Forker, Zackary Arthur, Brockton McKinney, Shane Morrisun, Heidi Mendez, Jake Brown, Gabriel Monroe Eckert, Gerry Garcia, Austin R. Grant, Rachelle Hardy, Marilyn Miller, Jason Miyagi, Ann Dowd, Christy Summerhays, A.J. Moss, Morgan Lund, Mallory Bechtel"
73,Urban Legend,,Horror,"Sep 25, 1998",14000000,38116707,72571864,58571864,R,Jamie Blanks,"Alicia Witt, Rebecca Gayheart, Joshua Jackson, Jared Leto, Danielle Harris, Michael Rosenbaum, Tara Reid, Loretta Devine, John Neville, Julian Richings, Robert Englund, Natasha Gregson Wagner, Gord Martineau, Kay Hawtrey, Angela Vint, J.C. Kenny, Vince Corazza, Balazs Koos, Stephanie Ann Mills, Danny Comden, Nancy McAlear, Shawn Mathieson, Clé Bennett, Danielle Brett, Roberta Angelica, Matt Birman"
74,The Boy,105.0,"Drama,Horror,Thriller","Jan 22, 2016",10000000,35819556,68220952,58220952,PG-13,"William Brent Bell, Craig William Macneill","Lauren Cohan, Rupert Evans, Jim Norton, Diana Hardcastle, Ben Robson, Jett Klyne, Lily Pater, Stephanie Nicole Lemelin, Matthew Walker, James Russell, Jared Breeze, Bill Sage, Mike Vogel, Zuleikha Robinson, Aiden Lovekamp, Sam Morse, Manuela Guerra"
75,The Boy,105.0,"Drama,Horror,Thriller","Jan 22, 2016",10000000,35819556,68220952,58220952,PG-13,Craig William Macneill,"David Morse, Rainn Wilson, Jared Breeze, Aiden Lovekamp, David Valencia, Mike Vogel, Amalia Santa Maria, Bill Sage, Sam Morse, Zuleikha Robinson, Andres Echavarria, Maria Luisa Ruiz, Manuela Guerra, Hong Kyu Park, Victoria Escobar, Susana Jaramillo, Tomas Eastman, Taige Jensen, Taige Jensen"
76,Deliver Us from Evil,118.0,"Horror,Mystery,Thriller","Jul 2, 2014",30000000,30577122,87956618,57956618,NR,Amy Berg,"Bob Jyono, Ann Jyono, Nancy Sloan, Marie Jyono, Tom Doyle, Monsignor James Cain, Case De Groot, Jane De Groot, John Manly, Mary Gail Frawley O'Dea, Jeff Anderson, Pat Wall, Mike Walker, Oliver O'Grady, Cardinal Roger Mahony, Bill Hodgman, Adam M., Becky M., Phil M. Price"
77,Deliver Us from Evil,118.0,"Horror,Mystery,Thriller","Jul 2, 2014",30000000,30577122,87956618,57956618,R,Scott Derrickson,"Eric Bana, Edgar Ramirez, Olivia Munn, Sean Harris, Joel McHale, Chris Coy, Dorian Missick, Mike Houston, Lulu Wilson, Olivia Horton, Scott Johnsen, Daniel Sauli, Antoinette LaVecchia, Aidan Gemme, Jenna Gavigan, Skylar Toddings, Sebastian Lacause, Stephen Hamm, Sean Nelson, Mari-Ange Ramirez, Ben Horner, Tijuana Ricks, John Cariani, Robert Keiley, Blair Sams, Mark David Watson, Ben Livingston, Kevin Nagle, Oliver Wadsworth, Lolita Foster, Carmen Ortiz-Girdauskas, Victor Pagan, Carol Stanzione, Adam Kobylarz, Lauro Chartrand"
78,Rings,102.0,"Drama,Horror,Mystery","Feb 3, 2017",25000000,27793018,82917283,57917283,PG-13,F. Javier Gutiérrez,"Matilda Anna Ingrid Lutz, Alex Roe, Johnny Galecki, Aimee Teegarden, Bonnie Morgan, Vincent D'Onofrio, Laura Wiggins, Zach Roerig, Surely Alvelo"
79,Scream 4,111.0,"Horror,Mystery","Apr 15, 2011",40000000,38180928,95989590,55989590,R,Wes Craven,"Neve Campbell, Courteney Cox, David Arquette, Emma Roberts, Hayden Panettiere, Rory Culkin, Anthony Anderson, Adam Brody, Mary McDonnell, Marley Shelton, Nico Tortorella, Marielle Jaffe, Kristen Bell, Anna Paquin, Lucy Hale, Shenae Grimes, Aimee Teegarden, Britt Robertson, Erik Knudsen, Dane Farwell, Alison Brie, Gordon Michaels, Heather Graham, John Lepard, Mark Aaron Buerkle, Justin Brandt, Justin Michael Brandt, Alex Punch, Nancy O'Dell, Julia Ho, Kim Adams, Devin Scillian, Glenda Lewis, William Spencer, Tim Doty, Peter Carey, Roger Jackson"
80,Happy Death Day 2U,100.0,"Drama,Horror,Mystery","Feb 13, 2019",9000000,28051045,64179495,55179495,PG-13,,"Jessica Rothe, Ruby Modine, Israel Broussard, Phi Vu, Suraj Sharma, Sarah Yarkin, Rachel Matthews, Charles Aitken"
81,Carrie,100.0,"Drama,Horror","Oct 18, 2013",30000000,35266619,82409520,52409520,R,Brian DePalma,"Sissy Spacek, Piper Laurie, John Travolta, Amy Irving, William Katt, Betty Buckley, Nancy Allen, Sidney Lassick, P.J. Soles, Priscilla Pointer, Sydney Lassick, Stefan Gierasch, Michael Talbott, Doug Cox, Harry Gold, Noelle North, Cameron de Palma, Anson Downes, Edie McClurg"
82,Carrie,100.0,"Drama,Horror","Oct 18, 2013",30000000,35266619,82409520,52409520,NR,David Carson,"Angela Bettis, Patricia Clarkson, Kandyse McClure, Emilie De Ravin, David Keith, Tobias Mehler, Jasmine Guy, Rena Sofer, Meghan Black, Jesse Cadotte, Chelan Simmons, Katharine Isabelle, Sean Tyler Foley, Laurie Murdoch, Michael Kopsa, Miles Meadows, Malcom Scott, Steve Byers"
83,Carrie,100.0,"Drama,Horror","Oct 18, 2013",30000000,35266619,82409520,52409520,R,Kimberly Peirce,"Chloë Grace Moretz, Julianne Moore, Gabriella Wilde, Alex Russell, Ansel Elgort, Portia Doubleday, Judy Greer, Zoë Belkin, Samantha Weinstein, Karissa Strain, Demetrius Joyette, Barry Shabaka Henley, Arlene Mazerolle, Evan Gilchrist, Eddie Max Huband, Tyler Rushton, Connor Price, Jefferson Brown, Cynthia Preston, Philip Nozuka, Kyle Mac, Max Topplin, Mouna Traoré, Derek McGrath, Christopher Britton"
84,Carrie,100.0,"Drama,Horror","Oct 18, 2013",30000000,35266619,82409520,52409520,NR,William Wyler,"Jennifer Jones, Laurence Olivier, Miriam Hopkins, Eddie Albert, Basil Ruysdael, Ray Teal, Barry Kelley, Sara Berner, William Reynolds, Mary Murphy, Harry Hayden, Dorothy Adams, Walter S. Baldwin, Jacqueline de Wit, Melinda Plowman, Lester Sharpe, Don Beddoe, Royal Dano, William Bailey, James Flavin, Harry Denny, Harlan Briggs, A. Ben Astar, Martin Doric, Jack Gargan, Eric Alden, Donald Kerr, Len Hendry, Jean De Briac, Margaret Field, Nolan Leary, Frank Patrick Henry, Jerry James, Jasper Weldon, Dulce Daye, Mike Pat Donovan, Roy Butler, Irene Winston, Anita Sparrow, Jay Eaton, Charles Halton, Robert Foulk, Raymond Roe, Leon Tyler, Ralph Sanford, G. Raymond Nye, Bruce Carruthers, Jim Davies, Ethan Laidlaw, Harry Hines, George Melford, Al Ferguson, John Alvin, Gail Bonney, Lois Hall, Mike Mahoney, Bill Sheehan, Sherry Hall, Richard Kipling, Howard Mitchell, William Meader, Ralph Moody, Jim Hayward, Judith Adams, Kenneth Patterson, Allan Ray, Daria Massey, Jack Roberts, Edward Clark, Gerry Ganzer, Julius Tannen, Billy Sheehan, Oliver Cross, Harper Goff, Charles Smith, Chalky Williams, Frank Wilcox, Jack Low, Charles McAvoy, Cliff Clark, Allen D. Sewell, Paul E. Burns, Edward J. Man, Slim Gaut, Douglas Carter Beane, Frances Morris, Stuart Holmes, Franklyn Farnum, James Cornell, Kit Guard, 'Snub' Pollard, Franklin Farnum"
85,Red Riding Hood,100.0,"Fantasy,Horror,Mystery","Mar 11, 2011",42000000,37662162,91678442,49678442,PG-13,Catherine Hardwicke,"Amanda Seyfried, Gary Oldman, Billy Burke, Shiloh Fernandez, Max Irons, Virginia Madsen, Lukas Haas, Julie Christie, Shauna Kain, Michael Hogan, Adrian Holmes, Cole Heppell, Christine Willes, Michael Shanks, Kacey Rohl, Carmen Lavigne, Don Thompson, Matt Ward, Megan Charpentier, D.J. Greenburg, Jennifer V. Halley, Alexandria Maillot, Archie Rice, Bella King, Olivia Steele-Falconer, Alexander Pesusich, Jordan Becker, James Michalopolous, Darren Shahlavi, Dalias Blake, Michael D. Adamthwaite, Lauro Chartrand, Brad Kelly, Paul Wu, Gavin Buhr, Samuel Smith, Che Pritchard, Kaitlyn McCready, Michelle Smith, Sarah Elgart"
86,The Boy Next Door,91.0,"Horror,Thriller","Jan 23, 2015",4000000,36006065,53401938,49401938,R,Rob Cohen,"Jennifer Lopez, Ryan Guzman, John Corbett, Kristin Chenoweth, Lexi Atkins, Hill Harper, Jack Wallace, Adam Hicks, François Chau, Bailey Chase, Kent Avenido, Travis Schuldt, Brian Mahoney, Raquel Gardner, Kari Perdue, Chad Bullard, Forrest Hoffman, Brandon Rush, Ian Nelson"
87,Krampus,98.0,"Comedy,Fantasy,Horror","Dec 4, 2015",15000000,42725475,61788393,46788393,PG-13,Michael Dougherty,"Emjay Anthony, Adam Scott, Toni Collette, David Koechner, Allison Tolman, Conchata Ferrell, Stefania Owen, Krista Stadler, Maverick Flack, Ivy George, Luke Hawker, Sophie Gannon, Sage Hunefeld, Gareth Ruck, ark Atkin, Lolo Owen, Tess Jamieson Karaha, Trevor Bau, Queenie Samuel, Curtis Vowell, Seth Green, Brett Beattie, Breehn Burns, Justin Roiland, Amy Brighton, Felicity Hamill, Ravi Narayan, Collin Dean, Kelly Lily Marie, Clare Odell, Pascal Ackerman, Skye Broberg, Jessie Carson, Leith Towers"
88,Sinister 2,97.0,"Horror,Mystery,Thriller","Aug 21, 2015",10000000,27740955,54104225,44104225,R,Ciaran Foy,"James Ransone, Shannyn Sossamon, Lea Coco, Robert Sloan, Dartanian Sloan, Tate Ellington, John Beasley, Lucas Jade Zumann, Jaden Klein, Laila Haley, Caden M. Fritz, Delphine Pontvieux, Olivia Rainey, Nick King, Michael Woods, Tory O. Davis, Howie Johnson, Grace Holuby, John Mountain, Nicole Santini, Stephen Varga, Skylar McClure, Ethan Hawke, Juliet Rylance, Michael Hall D'Addario, Clare Foley, Victoria Leigh"
89,The Perfect Guy,100.0,"Crime,Drama,Horror","Sep 11, 2015",18000000,57027435,60278166,42278166,PG-13,David M. Rosenthal,"Sanaa Lathan, Michael Ealy, Morris Chestnut, Charles S. Dutton, Tess Harper, Kathryn Morris, Rutina Wesley, Holt McCallany, Shannon Lucio, Jessica Parker Kennedy, David Starzyk, Ronnie Gene Blevins, Wilmer Calderon, Gordon Clapp, Duncan Joiner, Julia Valentine Larson, Patrick Daniel, Lyndsey Doolen, Michael Andrew Baker, Jamal Duff, Tyde Kierney, Michael Panes, Granville Ames, Irene Choi, Tripp Pickell, L. Scott Caldwell"
90,Slender Man,93.0,"Horror,Mystery,Thriller","Aug 10, 2018",10000000,30564825,51723644,41723644,PG-13,Sylvain White,"Joey King, Julia Goldani Telles, Jaz Sinclair, Annalise Basso, Javier Botet, Alex Fitzalan, Taylor Richardson"
91,Legion,100.0,"Action,Fantasy,Horror","Jan 22, 2010",26000000,40168080,67647574,41647574,R,Scott Stewart,"Paul Bettany, Lucas Black, Tyrese Gibson, Adrianne Palicki, Charles S. Dutton, Jon Tenney, Kevin Durand, Willa Holland, Kate Walsh, Dennis Quaid, Jeanette Miller, Cameron Harlow, Doug Jones, Josh Stamberg, Yancey Arias, Danielle Lozeau, Luce Rains, Bryan Chapman, Denny Pierce, Kaye Wade, Chuck Hicks, Stephen Oyoung, Tyra Danielle, Django Marsh"
92,The Gallows,81.0,"Horror,Mystery,Thriller","Jul 10, 2015",100000,22764410,41656474,41556474,R,,"Mark Hales, Ryan Wade, Ed Osuna, Jordan Hunter, Blake Taylor, Terry Meyers, Richie Mirlez, Burkelee Woods, Chris Akers, Jacob Burnett, Gabriela Duran, Milan Duran, Madison Ballew, Curt Barrow, Elaine Beckham, Alexa Benson, Steven Hrdlicka, Jeff Smith, Brandon Cornejo, Brad Jacobson, Dorothy Snyder, Tom Milne, Paul Rutigliano, Reece Mishler"
93,Chernobyl Diaries,86.0,"Horror,Mystery,Thriller","May 25, 2012",1000000,18119640,42411721,41411721,R,Brad Parker,"Ingrid Bolso Berdal, Dimitri Diatchenko, Olivia Taylor Dudley, Devin Kelley, Jesse McCartney, Nathan Phillips, Jonathan Sadowski, Milos Timotijevic, Milutin Milosevic, Ivan Djordjevic, Ivan Jovic, Zinaida Dedakin, Ivana Milutinovic, Alex Feldman, Kristoff Konrad, Pasha D. Lychnikoff, Jay Krash"
94,The Cabin in the Woods,95.0,Horror,"Apr 13, 2012",30000000,42073277,70689968,40689968,R,Drew Goddard,"Kristen Connolly, Chris Hemsworth, Anna Hutchison, Fran Kranz, Jesse Williams, Richard Jenkins, Bradley Whitford, Brian J. White, Amy Acker, Tim De Zarn, Tom Lenk, Dan Payne, Jodelle Ferland, Danny Shea, Maya Massar, Matt Drake, Nels Lennarson, Rukiya Bernard, Adrian Holmes, Chelah Horsdal, Terry Chen, Heather Doerksen, Patrick Sabongui, Phillip Mitchell, Naomi Dane, Ellie Harvie, Patrick Gilmore, Brad Dryborough, Emili Kawashima, Aya Furukawa, Maria Go, Serena Akane Chi, Abbey Imai, Marina Ishibashi, Miku Katsuura, Alicia Takase Lui, Jodi Tabuchi, Sara Taira, Alyssandra Yamamoto, Richard Cetrone, Phoebe Galvan, Simon Pidgeon, Matt Phillips, Lori Stewart, Gregory Zach"
95,Shutter,106.0,"Horror,Thriller","Mar 21, 2008",8000000,25928550,47782426,39782426,PG-13,Masayuki Ochiai,"Joshua Jackson, Rachael Taylor, Megumi Okina, David Denman, John Hensley, Maya Hazen, James Kyson, Yoshiko Miyazaki, Kei Yamamoto, Daisy Betts, Adrienne Pickering, Pascal Morineau, Masaki Ota, Hederu Tatsuo, Eri Otoguro, Rina Matsuki, Tomotaka Kanzaki, Michiyo Kaneko, Jun Yakushiji, Emi Tamura, Polina Kononova, Yulia Ryzhova, Mika Kinose, Masakazu Nagakura, Shinji Furukawa, Maria Takagi, Alessandra, Katrina B., Tanya, Takao Toji, Shizuka Fujimoto, Yutaka Mishima, Maiko Asano, Rei Sato, Homare Hasegawa, Kei Hirosawa, Koichi Kase, Yasuke Kawarada, Ayuko Koyama, Konomi Moriyama, Akira Sato, Miyako Yamaguchi, Runa Kozuka, Natsuki, Gen Takatsuka, Natalia Tsvetkova, Asya, Graziela, Ami Fujimoto, Miki Hirono, Ingrid, Ananda, Emiko Kondo, Liana, Tsukasa Minami, Asami Momose, Nadia, Nadiya, Natsue Orikawa, Zoya, Julia G., Ira M., Natalia Si, Akihiko Ando, Erik, Andrew Durdey, Irina Izhanova, Anna Zorina, Mark Chinnery, Chie Yokomizo, Olga Alex, Shiho Okamoto, Natalia Mokienko, Yutaka Satoh, Akihiro Shimomura, Keisuke Nakajima, Albert Smith, Natalia Silkina, Yulia Kozyritskaya, Sho Nishino, Yutaka Someya, Shigeru Kurihara"
96,Shutter,106.0,"Horror,Thriller","Mar 21, 2008",8000000,25928550,47782426,39782426,R,"Banjong Pisanthanakun, Parkpoom Wongpoom","Ananda Everingham, Natthaweeranuch Thongmee, Achita Sikamana, Natthaweeranuch Thonghee, Unnop Chanpaibool, Chachchaya Chalernpol, Chachchaya Chalemphol, Abhijati 'Meuk' Jusakul, Binn Kitchacho, Panitan Mavichak, Sivagorn Muttamara, Saifon Nanthawanchal, Kachormsak Naruepatr, Panu Puntoomsinchal, Titikarn Tongprasearth, Achita Wuthinounsurasit, Samruay Jaratjaroonpong, Jitlada Korsangwichai, Duangporn Sontikhan"
97,Oculus,104.0,"Horror,Mystery","Apr 11, 2014",5000000,27695246,44115496,39115496,R,Mike Flanagan,"Karen Gillan, Brenton Thwaites, Rory Cochrane, Katee Sackhoff, James Lafferty, Annalise Basso, Garrett Ryan, Miguel Sandoval, Kate Siegel, Scott Graham, Michael Fourticq, Catherine Parker, Katie Parker, Justin Gordon, Bob Gebert, Brett Luciana Murray, Zak Jeffries, Courtney Bell, Elisa Victoria, Dave Levine, Stephanie Minter, Lesa Johnson, Allison Boyd, James Flanagan, Alexandra Beer, Marc Evans, Toni Elizabeth White"
98,The Crazies,101.0,"Horror,Thriller","Feb 26, 2010",19000000,39123589,56445534,37445534,R,Breck Eisner,"Timothy Olyphant, Radha Mitchell, Joe Anderson (VI), Danielle Panabaker, Christie Lynn Smith, Brett Rickaby, Preston Bailey, John Aylward, Joe Reegan, Glenn Morshower, Larry Cedar, Gregory Sporleder, Mike Hickman, Lisa K. Wyatt, Justin Welborn, Chet Grissom, Tahmus Rounds, Brett Wagner, Alex Van, Tony Winters, Frank Hoyt Taylor, Justin Miles, Marian Green, E. Roger Mitchell, Michael Cole, Mark Oliver, Lynn Lowry, Chris Carnel, Jimmy Waitman, Jay Pearson, Kathryn Kim, Adam Dingeman, Megan Hensley, Megan Hensely, Lori Beth Edgeman, Ann Roth, Michael ""Mickey"" Cole, Elizabeth Barrett, Rachel Storey, Bruce Aune, Jacqueline Sherrard, Pierre Gagnon, Mary Lynn Owen, Pierce Gagnon, Matthew Lintz, Wilbur Fitzgerald"
99,The Crazies,101.0,"Horror,Thriller","Feb 26, 2010",19000000,39123589,56445534,37445534,R,George A. Romero,"Lane Carroll, W.G. McMillan, Ned Schmidtke, Harold Wayne Jones, Lloyd Hollar, Tony Scott, Richard Liberty, Stephen Liska, Lynn Lowry, Kim Smith, S. William Hinzman, Harold Lowry, Richard France, Edith Bell, Rossie Harris, Harry Spillman, Will Disney, Leland Starnes, Harold W. Jones, A.C. MacDonald, Robert J. McCully, Robert Karlowsky, W.L. Thunhurst Jr."
100,House at the End of the Street,101.0,"Drama,Horror,Thriller","Sep 21, 2012",6900000,31611916,44103982,37203982,PG-13,Mark Tonderai,"Jennifer Lawrence, Gil Bellows, Elisabeth Shue, Nolan Gerard Funk, Eva Link, Allie MacDonald, Jordan Hayes, Krista Bridges, Hailee Sisera, Craig Eldridge, Jonathan Higgins, Oliver Soul, Lori Anne Alter, Joy Tanner, Bobby Osborne, Gracie Tucker, Will Seatle Bowes, Jon McLaren, John Healy, Jasmine Chan, Jonathan Malen, Claudia Jurt"
101,The Witch,,Horror,"Feb 19, 2016",3500000,25138705,40454520,36954520,R,Robert Eggers,"Anya Taylor-Joy, Ralph Ineson, Kate Dickie, Harvey Scrimshaw, Ellie Grainger, Lucas Dawson, Julian Richings, Bathsheba Garnett, Sarah Stephens, Wahab Chaudhry, Brooklyn Herd, Derek Herd, Viv Moore, Madlen Sopadzhiyan, Ron G. Young"
102,The Possession of Hannah Grace,86.0,"Horror,Mystery,Thriller","Nov 30, 2018",6000000,14836174,42785387,36785387,R,Diederik Van Rooijen,"Shay Mitchell, Stana Katic, Louis Herthum, Grey Damon, James A. Watson Jr."
103,Flatliners,109.0,"Drama,Horror,Mystery","Aug 10, 1990",26000000,61308153,61308153,35308153,R,Joel Schumacher,"Kiefer Sutherland, Julia Roberts, Kevin Bacon, William Baldwin, Oliver Platt, Kimberly Scott, Joshua Rudoy, Benjamin Mouton, Aeryk Egan, Kesha Reed, Hope Davis, Jim Ortlieb, John Joseph Duda, Afram Bill Williams, Deborah Thompson, Elinore O'Connell, Marilyn Dodds Frank, Sanna Vraa, Patricia Belcher, Susan French, Beth Grant, Cage S. Johnson, John Benjamin Martin, Lynda Odums, Evelina Fernandez, Miguel M. Delgado, Ingrid Oliu, Raymond Hanis, Zoaunne LeRoy, Tom Kurlander, John Duda, Nili Levi, Anne James, K.K. Dodds, Mali Finn, Natsuko Ohama, Megan Stewart, Tressa Thomas, Gonzo Gonzalez, Nicole Niblack, Illana B'Tiste, Cynthia Bassham, Sarabeth Tucek, Ilona Margolis, Julie Warner, Iilana B'Tiste, Deborah Torchio, Deborah Goomas, Michelle McKee, Nancy Moran, Dede Latinopoulos, Jared Milmeister, Patrick Gleeson, John Fink, Ray Hanis, Angela Paton, Deborah Gooman"
104,Flatliners,109.0,"Drama,Horror,Mystery","Aug 10, 1990",26000000,61308153,61308153,35308153,PG-13,Niels Arden Oplev,"Ellen Page, Diego Luna, Nina Dobrev, James Norton, Kiefer Sutherland, Kiersey Clemons, Beau Mirchoff, Daniela Barbosa, Steve Byers, Tyler Hynes"
105,Child's Play,120.0,Horror,"Nov 9, 1988",9000000,33244684,44196684,35196684,R,Tom Holland,"Catherine Hicks, Chris Sarandon, Brad Dourif, Dinah Manoff, Liliane Vincent, Alex Vincent, Tommy Swerdlow, Jack Colvin, Edan Gross, Juan Ramírez, Alan Wilder, Raymond Oliver, Aaron Osborne, Ted Liss, Roslyn Alexander, Michael Chavez, John Franklin, Michael Patrick Carter, Ed Gale, Neil Giuntoli"
106,Child's Play,120.0,Horror,"Nov 9, 1988",9000000,33244684,44196684,35196684,R,Lars Klevberg,"Aubrey Plaza, Brian Tyree Henry, Gabriel Bateman, Mark Hamill, Tim Matheson, David ""Nick"" Lewis"
107,The Lazarus Effect,83.0,"Horror,Mystery,Sci-Fi","Feb 27, 2015",5000000,25801570,38359310,33359310,PG-13,David Gelb,"Mark Duplass, Olivia Wilde, Donald Glover, Evan Peters, Ray Wise, Scott Sheldon, Emily Kelavos, James Earl, Amy Aquino, Sean T. Krishnan, Ator Tamras, Liisa Cohen, Bruno Gunn, Scott L. Treger"
108,The Forest,98.0,"Horror,Thriller","Jan 8, 2016",10000000,26594261,40749230,30749230,PG-13,Jason Zada,"Natalie Dormer, Taylor Kinney, Yukiyoshi Ozawa, Eoin Macken, Noriko Sakura, Yûho Yamashita, Osamu Tanpopo, Stephanie Vogt, Rina Takasaki, Tanpopo Osamu, Yasuo Tobishima, Ibuki Kaneda, Akiko Iwase, Kikuo Ichikawa, Yûho Yamashita, Yozef Aoki, Gen Seto, Terry Diab, Nada Mazalica, Lidija Antonic, Takako Akashi, Yuriri Naka, Nemanja Naumoski, Tales Yamomoto, Meg Kubota, Mieko Wertheim, Carni Deric, Carni Djeric, Yoshio Hasegawa, Bear McCreary, Jozef Aoki"
109,Night of the Living Dead,79.0,Horror,"Oct 1, 1968",114000,12087064,30087064,29973064,NR,George A. Romero,"Judith O'Dea, Russell Streiner, Duane Jones, Keith Wayne, Karl Hardman, Judith Ridley, Marilyn Eastman, Kyra Schon, Bill Heinzman, Charles Craig, David Lee Hartman, Frank Doak, Rossie Harris, George Kosana, S. William Hinzman, Bill Cardille, Judith Reilly, Mark Ricci, George A. Romero, John A. Russo, Jack Givens, Rudy Ricci, Paula Richards, John Simpson, Herbert Summer, Richard Ricci, William Burchinal, Ross Harris, Al Croft, Jason Richards, Dave James, Sharon Carroll, William Mogush, Steve Hutsko, Joann Michaels, Phillip Smith, Ella Mae Smith, Randy Burr, Bill 'Chilly Billy' Cardille"
110,Night of the Living Dead,79.0,Horror,"Oct 1, 1968",114000,12087064,30087064,29973064,R,Tom Savini,"Tony Todd, Patricia Tallman, Tom Towles, McKee Anderson, William Butler, William Anderson, Katie Finneran, Katie Finnerman, Bill Moseley, Heather Mazur, David W. Butler, Bill Cardille, Zachary Mott, Pat Reese, William Cameron, Pat Logan, Berle Ellis, Bill 'Chilly Billy' Cardille, Greg Funk, Tim Carrier, John Hamilton, Dyrk Ashton, Jordan Berlant, Albert Shellhammer, Jay McDowell, Walter Berry, Kendal Kraft, David Grace, Stacie Foster, Charles Crawley"
111,Devil's Due,89.0,"Horror,Mystery,Thriller","Jan 17, 2014",7000000,15821461,36146087,29146087,R,"Matt Bettinelli-Olpin, Tyler Gillett","Allison Miller, Robert Belushi, Sam Anderson, Zach Gilford, Colin Walker, Roger Payano, Vanessa Ray, Bill Martin Williams, Geraldine Singer, Julia Denton, Madison Wolfe, Joshua Shane Brooks, Aimee Carrero, Donna DuPlantier, DeMaris Gordon, Robert Aberdeen, Catherine Kresge, Kurt Krause, Tyler Forrest, Sloane Coe, Michael Papajohn, Douglas M. Griffin, Nicole Stuart, Yohance Myles, Stacie Davis, Annie Gaia, Sylvia Grace Crim, Jennifer Schemke, Hunter Lobre, Candi Brooks, Derek Hall, Katherine Grace Yeaton, Justyna Kelley, Shane Woodward"
112,Sabrina,113.0,"Horror,Thriller","Dec 15, 1995",58000000,53458319,87100000,29100000,G,Billy Wilder,"Audrey Hepburn, William Holden, Humphrey Bogart, John Williams (II), Walter Hampden, Martha Hyer, Joan Vohs, Marcel Dalio, Marcel Hillaire, Nella Walker, Francis X. Bushman, Ellen Corby, Marjorie Bennett, Emory Parnell, Kay Riehl, Nancy Kulp, Paul Harvey, Emmett Vogan, Colin Campbell, Harvey B. Dunn, Marion Ross, Kay E. Kuter, Charles Harvey, Greg Stafford, Bill Neff, Otto Forrest, David Ahdar, Rand Harper"
113,Sabrina,113.0,"Horror,Thriller","Dec 15, 1995",58000000,53458319,87100000,29100000,PG,Sydney Pollack,"Harrison Ford, Julia Ormond, Greg Kinnear, John Wood, Nancy Marchand, Richard Crenna, Angie Dickinson, Lauren Holly, Dana Ivey, Miriam Colon, Elizabeth Franz, Fanny Ardant, Valeria Lemercier, Patrick Bruel, Becky Ann Baker, Paul Giamatti, John C. Vennema, Gregory Chase, Margo Martindale, J. Smith-Cameron, Christine Luneau-Lipton, Michael Dees, Denis Holmes, Jo-Jo Lowe, Ira Wheeler, Philippa Cooper, AYAKO, Francois Genty, Guillaume Gallienne, Inés Sastre, Phina Oruche, Helena Katia, Andrea Behalikova, Jennifer Herrera, Kristina Kumlin, Eva Linderholm, Stefano Tartini, Carmen Chaplin, Micheline Van de Velde, Joanna Rhodes, Alan Boone, Patrick Forster-Delmas, Kentaro Matsuo, JB Benn, Peter McKernan Jr., Ed Connelly, Ronald L. Schwary, Kenneth A. MacDonald, Alvin Lum, Siching Song, Phil Nee, Randy Becker, Susan Browning, Saikat Mondal, Peter Parks"
114,Blair Witch,89.0,"Horror,Mystery,Thriller","Sep 16, 2016",10000000,20777061,38985577,28985577,R,Adam Wingard,"James Allen McCune, Callie Hernandez, Brandon Scott, Valorie Curry, Corbin Reid, Wes Robinson"
115,Cabin Fever,99.0,Horror,"Sep 12, 2003",1500000,21158188,30351664,28851664,R,Eli Roth,"Rider Strong, Jordan Ladd, Joey Kern, Cerina Vincent, James DeBello, Arie Verveen, Giuseppe Andrews, Robert Harris, Eli Roth, Hal Courtney, Matthew Helms, Richard Boone, Tim Parati, Christy Ward, Michael Harding, Julie Childress, David Kaufbird, Dalton McGuire, Jana Farmer, Dante Walker, Jeff Rendell, R. Brandon Johnson, Philip Fox, Cherie Rodgers, Sam Froelich, Bill Terrell, Richard Terrell, Jeff Evans, Mike Hill, J.K. Godbold, Richard Fullerton, Phil Fox, Darcy Jo Martin, Gabriel A. Roth, Donald Lee Hall Jr., Jeremy A. Metcalf, Noah Belson, Doug McDermott, Matt Cappiello, Jessica Masserman, Paige Hunter, Gino Vincent, Shiloh Strong, Jay Aaseng, Matthew Schwarz, Jessica Shortkoff, Rock, Mark Morse, Heather Simmons, Dean Masserman, Gabriel Roth and the Mirrors, Tom Terrell, Evan Astrowsky, Luke Blackwood, Mark C. Schwarz, Shana Schwarz, Joe Adams, Adam Roth, Jeff Hoffman, Tommy Terrell, John Neff, Nancy Neff, Michael Reardon, Glenn Weisberger, Roy Wood"
116,Cabin Fever,99.0,Horror,"Sep 12, 2003",1500000,21158188,30351664,28851664,R,"Travis Zariwny, Eli Roth","Gage Golightly, Matthew Daddario, Nadine Crocker, Dustin Ingram, Samuel Davis, Randy Schulman, Louise Linton, George Griffith, Tim Zajaros, Aaron Trainor, Laura Kenny, Bradford Farwell, Derrick Means, Jason Rouse, Benton Morris, Dawson Doupe, Teresa Decher, Lorraine Bahr, Ted Pfeiffer, Michelle Darris, Rider Strong, Jordan Ladd, James DeBello, Cerina Vincent, Joey Kern, Arie Verveen, Tim Parati, Hal Courtney, Matthew Helms, Richard Boone"
117,The Darkest Hour,89.0,"Action,Adventure,Horror","Dec 25, 2011",34800000,21443494,62831715,28031715,PG-13,Chris Gorak,"Emile Hirsch, Olivia Thirlby, Max Minghella, Rachael Taylor, Joel Kinnaman, Veronika Vernadskaya, Dato Bakhtadze, Gosha Kutsenko, Nikolai Efremov, Georgy Gromov, Arthur Smoljaninov, Artur Smolyaninov, Anna Roudakova, Peter Fedorov, Petr Fedorov, Ivan Gromov, Alexsandr Chernyh, Oleg Poddubny, Vasja Fursenko, Ilya Ivanov, Sam Vanin, Alya Nikulina, Igor Novoselov, Mariya Romanova, Slava Barkovsky, Valentina Soboleva, Louis Leebe, Irina Antanenko, Katerina Budyakova, Olga Zhuk, Tamara Zhukova, Mariya Lavrova, Adam Klemens"
118,The Intruder,106.0,Horror,"May 3, 2019",8000000,35095904,36005871,28005871,NR,David Bailey,"Charlotte Gainsbourg, Charles Powell, Nastassja Kinski, Molly Parker, John Hannah, Charles Papasoff, Marianne Therien, Mike Tsar, Angelo Tsarouchas, Janis Kershner, David KcKeown, John Dunn-Hill, Janis Kirshner, David McKeown, Candace Frazier, Cynthia Frazier, Kwasi Songui, Terry Simpson, Lou Vani, Rikee Madoff, Tony Robinow"
119,The Intruder,106.0,Horror,"May 3, 2019",8000000,35095904,36005871,28005871,PG-13,Deon Taylor,"Michael Ealy, Meagan Good, Joseph Sikora, Dennis Quaid, Alvina August"
120,You're Next,95.0,"Action,Comedy,Horror","Aug 23, 2013",1000000,18494006,26887177,25887177,R,Adam Wingard,"Sharni Vinson, Nicholas Tucci, Wendy Glenn, AJ Bowen, Joe Swanberg, Margaret Laney, Amy Seimetz, Rob Moran, Barbara Crampton, Ti West, L.C. Holt, Larry Fessenden, Simon Barrett, Lane Hughes, Calvin Reeder, Sarah Myers, Kate Lyn Sheil"
121,Dark Skies,97.0,"Horror,Sci-Fi,Thriller","Feb 22, 2013",3500000,17418667,27704111,24204111,PG-13,Scott Stewart,"Keri Russell, Josh Hamilton, Dakota Goyo, Kadan Rockett, J.K. Simmons, L.J. Benet, Annie Thurman, Jake Washburn, Ron Ostrow, Tom Costello, Marion Kerr, Alyvia Alyn Lind, Josh Stamberg, Tiffany Jeneen, Brian Stepanek, Judith Moreland, Adam Schneider, Jessica Fay Borden, Ken Meseroll, Trevor St. John, Andy Umberger, Michael Patrick McGill, Josh Wingate, Alexandra Fulton, Scott Anthony"
122,The Bye Bye Man,96.0,"Drama,Fantasy,Horror","Jan 13, 2017",7400000,22395806,31187727,23787727,PG-13,Stacy Title,"Cressida Bonas, Lucien Laviscount, Doug Jones, Carrie-Anne Moss, Faye Dunaway, Jenna Kanell, Erica Tremblay, Marisa Echeverria"
123,Saving Grace,85.0,"Crime,Drama,Horror","Aug 4, 2000",4000000,12178602,27786849,23786849,R,Nigel Cole,"Brenda Blethyn, Craig Ferguson, Martin Clunes, Tcheky Karyo, Jamie Forman, Jamie Foreman, Bill Bailey, Valerie Edmond, Tristan Sturrock, Clive Merrison, Leslie Phillips, Diana Quick, Phyllida Law, Linda Kerr Scott, Denise Coffey, Paul Brooke, John Fortune, Philip Wright, Darren Southworth, Magnus Lindgren, Dean Lennox Kelly, Johnny Bamford, Bill Hallet, Alison Dillon, Bill Weston, Jonathan Kydd, Mark Crowdy, Jay Benedict, Ben Cole"
124,The One,,Horror,"Nov 2, 2001",49000000,43905746,72689126,23689126,PG-13,James Wong,"Jet Li, Carla Gugino, Delroy Lindo, Jason Statham, James Morrison, Dylan Bruno, Richard Steinmetz, Steve Rankin, Tucker Smallwood, Harriet Sansom Harris, David Keats, Dean Norris, Ron Zimmerman, Darin Morgan, Mark Borchardt, Clement Blake, Joel Stoffer, Kimberly Patton, Denney Pierce, Boots Southerland, Archie Kao, Ken Kerman, Kevin Indio Copeland, Marco Verdier, Teddy Lane Jr., Narinder Samra, Clement E. Blake, Bill Dunnam, Edward James Gage, B.T. Taylor, Thanh T. Tran, Peter McKernan Jr., Alan Purwin"
125,Halloween II,,Horror,"Oct 30, 1981",2500000,25533818,25533818,23033818,R,"John Carpenter, Rick Rosenthal","Jamie Lee Curtis, Jeffrey Kramer, Charles Cyphers, Donald Pleasence, Lance Guest, Pamela Susan Shoop, Hunter von Leer, Dick Warlock, Leo Rossi, Tawny Moyer, Gloria E. Gifford, Ford Rainey, Cliff Emmich, Ana Alicia, Nancy Stephens, John Zenda, Catherine Bergstrom, Alan Haufrect, Lucille Benson, Bill Warlock, Jonathan Prince, Leigh French, Howard Culver, Ty Mitchell, Dana Carvey, Billy Warlock, Nancy Kyes, Pamela McMyler, Dennis Holahan, Nichole Drucker, Ken Smolka, Adam Gunn, Roger Hampton, Robin Coleman, Jack Verbois, Tony Moran, Brian Andrews, Anne Bruner"
126,The Reaping,84.0,"Comedy,Horror,Thriller","Apr 5, 2007",40000000,25126214,62226214,22226214,R,Stephen Hopkins,"Hilary Swank, David Morrissey, Idris Elba, AnnaSophia Robb, Stephen Rea, William Ragsdale, John McConnell, Dave Jensen, Yvonne Landry, Samuel Garland, Myles Cleveland, Andrea Frankle, Mark Lynch, Stuart Greer, Afemo Omilami, Sabrina A. Junius"
127,Apollo 18,86.0,"Horror,Mystery,Sci-Fi","Sep 2, 2011",5000000,17686929,26517819,21517819,PG-13,Gonzalo López-Gallego,"Warren Christie, Lloyd Owen, Ryan Robbins, Michael Kopsa, Andrew Airlie"
128,The Last Exorcism Part II,88.0,"Drama,Horror,Thriller","Mar 1, 2013",4000000,15179303,25448707,21448707,PG-13,Ed Gass-Donnelly,"Ashley Bell, Julia Garner, Spencer Treat Clark, Louis Herthum, Dave Jensen, Tarra Riggs, Andrew Sensenig, Muse Watson, Judd Lormand, Erica Michelle, Boyana Balta, Julian Garner, Joe Chrest, Sharice Williams, Ashlynn Ross, Diva Tyler"
129,It Follows,100.0,"Horror,Mystery","Mar 13, 2015",2000000,14674077,23250755,21250755,R,David Robert Mitchell,"Maika Monroe, Keir Gilchrist, Daniel Zovatto, Lili Sepe, Jake Weary, Olivia Luccardi, Bailey Spry, Debbie Williams, Ruby Harris, Leisa Pulido, Loren Bass, Linda Boston, Claire Sloma"
130,When the Bough Breaks,107.0,"Crime,Drama,Horror","Sep 9, 2016",10000000,29747603,30768449,20768449,PG-13,Jon Cassar,"Morris Chestnut, Regina Hall, Jaz Sinclair, Romany Malco, Theo Rossi, Michael Kenneth Williams, Glenn Morshower, GiGi Erneta, Tom Nowicki, Denise Gossett, Janee Michelle, Carrie Lazar, Ariadne Joseph, Matt Mitchell, Maurice Johnson, Chef John Folse, John Folse, John Boutte, Ted Ferguson, Steve Terada, Brett Baker, Jonathan Arthur, Greg Rementer, Edwin Compass"
131,Crimson Peak,119.0,"Drama,Fantasy,Horror","Oct 16, 2015",55000000,31090320,74966854,19966854,R,Guillermo del Toro,"Mia Wasikowska, Jessica Chastain, Tom Hiddleston, Charlie Hunnam, Jim Beaver, Leslie Hope, Emily Coutts, Burn Gorman, Joanna Douglas, Bruce Gray, Laura Waddell, Amanda Smith, Alec Stockwell, Sofia Wells, Matia Jackett, Gillian Ferrier, Kimberly-Sue Murray, Peter Spence, Martin Julien, Jim Watson, Myrna Moretti, Tamara Hope, Doug Jones, Javier Botet, Daryn Pancer, Brigitte Robinson, Jonathan Hyde, Bill Lake, Danny Waugh, Sean Hewitt (II), William K. Healy, Karen Glave, Khadijah Roberts-Abdullah, Tim Blake, John Carter Craig, Brian Kaulback, Richard Kerr, Shane McPherson, Thomas Dorey"
132,Love Happens,,"Comedy,Horror,Romance","Sep 18, 2009",18000000,22965110,36133014,18133014,PG-13,Brandon Camp,"Jennifer Aniston, Aaron Eckhart, Dan Fogler, Judy Greer, Joe Anderson (VI), John Carroll Lynch, Martin Sheen, Frances Conroy, Sasha Alexander, Clyde Kusatsu, Anne Marie Deluise, Gina Holden, Panou, Tyler McClendon, Michael Kopsa, Michelle Harrison, Darla Vandenbossche, Tom Pickett, Patricia Harras, Aurelio DiNunzio, Danielle Dunn-Morris, Maxine Miller, Tim Henry, Ellie Harvie, Randall Newsome, Carol Hodge, Craig Anderson, Brandon Jay McLaren, Rekha Sharma, Alessandro Juliani, Ellen Ewusie, Angie Scandale, Deirdre Blades, Deejay Jackson, Monica Marko, Shaine Jones, Angus Adair, Zaccheus Jackson, Kevan Cameron, Michael Bean, Michael P. Northey, Rylee Stiles, Domonique Danielle, William 'Bigsleeps' Stewart, Alexa Devine, Larry Romero, Madeline Elder, Elfina Luk, Glynis Davies, Zach Rogue, Dominic Julian East, William Cameron Jasper, Graham Edgar Lebron, Patrick Benton Spurgeon"
133,The Howling,83.0,Horror,"Apr 10, 1981",1000000,17985000,17985000,16985000,R,Joe Dante,"Dee Wallace, Patrick Macnee, Dennis Dugan, Christopher Stone, Kevin McCarthy, Belinda Balaski, John Carradine, Slim Pickens, Elisabeth Brooks, Robert Picardo, Dick Miller, Margie Impert, Noble Willingham, James Murtaugh, Jim McKrell, Kenneth Tobey, Don McLeod, Steve Nevil, Herb Braha, Joe Bratcher, James MacKrell, Roger Corman, Bill Sorrells, Meshach Taylor, Chico Martinez, Michael O'Dwyer, Wendell Wright, Bruce Barbour, Marneen Fields, John Moio, Forrest J Ackerman, John Sayles, Sarina C. Grant"
134,The Apostle,80.0,"Animation,Horror","Dec 17, 1997",5000000,20733485,21277770,16277770,PG-13,Robert Duvall,"Robert Duvall, Farrah Fawcett, Miranda Richardson, Todd Allen, John Beasley, June Carter Cash, Walton Goggins, Billy Joe Shaver, Billy Bob Thornton, Rick Dial, Mary Lynette Braxton, Zelma Loyd, Sister Jewell Jernigan, Kevin Rankin"
135,The Mortal Instruments: City of Bones,130.0,"Action,Fantasy,Horror","Aug 21, 2013",60000000,31165421,75965567,15965567,PG-13,Harald Zwart,"Lily Collins, Robert Maillet, Kevin Durand, Lena Headey, Jonathan Rhys Meyers, Jamie Campbell Bower, Robert Sheehan, Godfrey Gao, CCH Pounder, Jared Harris, Aidan Turner, Kevin Zegers, Jemima West, Harry Van Gorkum, Stephen R. Hart, Chad Connell, Chris Ratz, Elyas M'Barek, Pedro Miguel Arce, Matthew Cheng, Carlos Gonzalez-Vio"
136,Little Voice,,"Horror,Thriller","Dec 4, 1998",6000000,4595000,21787233,15787233,R,Mark Herman,"Brenda Blethyn, Jane Horrocks, Ewan McGregor, Philip Jackson, Annette Badland, Michael Caine, Jim Broadbent, Adam Fogerty, James Welh, Karen Gregory, Fred Feast, Graham Turner, George Olivier, Virgil Tracy, Dick Van Winkle, Howard Grace, Alex Norton, Melodie Scales, Kitty Roberts, Fred Gaunt, Alita Petrof, Jonathan Clark, Sean Hadland, Roger Neville, Paul Swan, Carl Wittaker, George Bradley, Geoffrey Emmerson, Barry Gomersalt, Angela Harrison, Jean Hotton, David Earl Kemp, Aiden Lawrence, Michael Lynskey, Peter Marshall, Peter Minns, Christine Quick, Len Rangely, Bob Scott, Melanie Simpson, Doug Stewart, Peter Thompson, Stan Wright"
137,Unfriended: Dark Web,92.0,"Crime,Horror,Mystery","Jul 20, 2018",1000000,8866745,16434588,15434588,R,Stephen Susco,"Colin Woodell, Betty Gabriel, Rebecca Rittenhouse, Andrew Lees, Connor Del Rio, Stephanie Nogueras, Bryan Adrian, Chelsea Alden, Douglas Tait, Alexa Mansour, Kiara Beltran, Maya Nalli, Rob Welsh, Eric Watson"
138,Silent House,86.0,"Drama,Horror,Mystery","Mar 9, 2012",2000000,12739737,16610760,14610760,R,"Laura Lau, Chris Kentis","Elizabeth Olsen, Adam Trese, Eric Sheffer Stevens, Julia Taylor Ross, Adam Barnett, Haley Murphy"
139,Don't Be Afraid of the Dark,99.0,"Fantasy,Horror,Thriller","Aug 26, 2011",25000000,24046682,39126427,14126427,NR,John Newland,"Kim Darby, Jim Hutton, Pedro Armendáriz Jr., Barbara Anderson, William Demarest, Pedro Armendáriz Jr., Lesley Woods, Robert Cleaves, Sterling Swanson, J.H. Lawrence, William Sylvester, Don Mallon, Celia Kaye, Elizabeth St. Clare, Ted Adams Swanson, Monika Henreid, Tamara De Treaux, Robert Priest, Ted Adams Swanson, Ethel St. Clair, Felix Silla, Patty Maloney"
140,Kidnap,50.0,"Horror,Thriller","Aug 4, 2017",21000000,30718107,34836080,13836080,R,Luis Prieto,"Halle Berry, Sage Correa, Chris McGinn, Lew Temple, Dana Gourrier, Christopher Berry, Ritchie Montgomery, Malea Rose, Kurt Krause, Kevin ""Lucky"" Johnson, Patrick Kearns, Erica Curtis, John Teal Jr."
141,The Prodigy,92.0,"Horror,Thriller","Feb 8, 2019",6000000,14856291,19789712,13789712,R,Nicholas McCarthy,"Taylor Schilling, Jackson Robert Scott, Peter Mooney, Colm Feore, Brittany Allen, Olunike Adeliyi"
142,Unsane,98.0,"Drama,Horror,Mystery","Mar 23, 2018",1500000,7690044,14244931,12744931,R,Steven Soderbergh,"Claire Foy, Joshua Leonard, Juno Temple, Aimee Mullins, Amy Irving, Jay Pharoah, Sarah Stiles, Colin Woodell, Zach Cherry, Mike Mihm, Erin Wilhelmi, Marc Kudisch, Myra Lucretia-Taylor, Lynda Mauze, Polly McKie, Raul Castillo, Robert Kelly, Natalie Gold, Sol Marina Crespo, Will Brill, Steven Maier, Matthew R. Staley, Matt Mancini, Emily Happe, Gibson Frazier, Joseph Reidy, Erika Rolfsrud, Elizabeth Goodman"
143,Hell Fest,89.0,Horror,"Sep 28, 2018",5500000,11107431,18119231,12619231,R,Gregory Plotkin,"Amy Forsyth, Reign Edwards, Bex Taylor-Klaus, Christian James, Roby Attal"
144,The Watch,102.0,"Action,Comedy,Horror","Jul 27, 2012",55000000,34353000,67130045,12130045,R,Akiva Schaffer,"Jonah Hill, Ben Stiller, Richard Ayoade, Rosemarie DeWitt, Will Forte, Nicholas Braun, Doug Jones, Mel Rodriguez, Erin Moriarty (II), R. Lee Ermey, Joseph A. Nuñez, Liz Cackowski, Johnny Pemberton, Billy Crudup, Sharon Gee, Eric Lee Goins, Robert C. Sibley, Grace Fronebarger, Bonnie Silver, Jill Jane Clements, Paul Barlow, Jr., Thomas Elliott, Sean Robert Goulding, Amy Napier Viteri, Dax Flame, Ryan Girard, Katie Kneeland, Ted Huckabee, Jeremiah ""J.J."" Williams Jr., Ethan Shapanka, Marla Malcom, Marla Malcolm, Lindsey Coley, LaDonna Allison, Andy Samberg, Jorma Taccone, Akiva Schaffer, Cathy Shim, Carissa Capobianco, Kelsey Talley, Melia Talley, Patricia French, Erinn Hayes, Zack Mines, Emily Yuye Sikes, Vince Vaughn, Tim Davies"
145,The Green Inferno,100.0,"Adventure,Horror","Sep 25, 2015",1000000,7192291,12931420,11931420,R,Eli Roth,"Ariel Levy, Kirby Bliss Blanton, Lorenza Izzo, Sky Ferreira, Daryl Sabara, Nicolás Martínez Zemborain, Magda Apanowicz, Ramon Llao, Eusebio Arenas, Antonieta Pari, John Mark Allan, Sally Rose, Paul Norris, Mary Dunworth, Cody Pittman, Carola Chacon, Marco Frias, Bruno Pakomio, Eufemia Teao, Maria Tepihe"
146,Wish Upon,90.0,"Drama,Fantasy,Horror","Jul 14, 2017",12000000,14301505,23477345,11477345,PG-13,John R. Leonetti,"Joey King, Ryan Phillippe, Ki Hong Lee, Mitchell Slaggert, Shannon Purser, Sydney Park, Alice Lee, Kevin Hanchard, Sherilyn Fenn, Elisabeth Röhm, Josephine Langford, Alexander Nunez, Daniela Barbosa, Reagan Revord, Victor Sutton, Albert Chung, Michelle Alexander, Natalie Prinzen-Klages, Nora Prinzen-Klages, Monique Stinchcombe, Danielle Pollari, Rosalina Lee, Ryan Taerk"
147,Fright Night,106.0,"Comedy,Horror","Aug 19, 2011",30000000,18298649,40520649,10520649,R,Tom Holland,"Chris Sarandon, Roddy McDowall, William Ragsdale, Amanda Bearse, Stephen Geoffreys, Jonathan Stark, Dorothy Fielding, Art Evans, Stewart Stern, Nick Savage, Jackie Burch, Ernie Holmes, Steven Hilliard Stern, Prince A. Hughes, Heidi Sorenson, Irina Irvine, Bob Corff, Robert Corff, Pamela Brown, Chris Hendrie, Prince Hughes"
148,Fright Night,106.0,"Comedy,Horror","Aug 19, 2011",30000000,18298649,40520649,10520649,R,Craig Gillespie,"Anton Yelchin, Colin Farrell, Toni Collette, Christopher Mintz-Plasse, David Tennant, Imogen Poots, Dave Franco, Reid Ewing, Will Denton, Sandra Vergara, Emily Montague, Chris Sarandon, Grace Phipps, Chelsea Tavares, Lisa Loeb, Brian Huskey, Mike Miller, Marya Beauvais, Kent Kirkpatrick, Arron Shiver, Rick A. Ortega, Jr., Charlie Brown, Rebekah Wiggins, Eb Lottimer, Liezl Carstens, Laura Aidan, Alma Sisneros, Bruce Holmes, Christopher Ranney, Lovie Johnson, Jerry G. Angelo, Tait Fletcher, Kevin Christopher Brown, Jesse Pickett, William H. Burton, Bonnie Morgan, Michelle Waterson, Paula Francis, Dave Courvoisier"
149,Maniac,160.0,"Action,Horror,Thriller","Jan 1, 1980",350000,10000000,10000000,9650000,R,Dwain Esper,"Marcel André, Bill Woods, Horace B. Carpenter, Phyllis Diller, Ted Edwards, Thea Ramsey, Jennie Dark, Marvel Andre, Celia McGann, John P. Wade, Marion Blackton"
150,Maniac,160.0,"Action,Horror,Thriller","Jan 1, 1980",350000,10000000,10000000,9650000,R,William Lustig,"Joe Spinell, Caroline Munro, Gail Lawrence, Kelly Piper, Rita Montone, Tom Savini, Hyla Marrow, James Brewster Thompson, Linda Lee Walter, Sharon Mitchell, Tracie Evans, Carol Henry, Candace Clements, Nella Bacmeister, Louis Jawitz, Denise Spagnuolo, Billy Spagnuolo, William Lustig, Frank Pesce, Candice Clements, Diane Spagnuolo, Kim Hudson, Terry Gagnon, Joan Baldwin, Jeni Paz, Janelle Winston, Randy Jurgensen, Jimmy Aurichio"
151,Maniac,160.0,"Action,Horror,Thriller","Jan 1, 1980",350000,10000000,10000000,9650000,NR,Franck Khalfoun,"Elijah Wood, Nora Arnezeder, Genevieve Alexandra, Megan Duffy, Jan Broberg, Liane Balaban, Joshua DeLaGarza, America Olivo, Sammi Rotibi"
152,"I, Frankenstein",92.0,"Action,Fantasy,Horror","Jan 24, 2014",65000000,19075290,74575290,9575290,PG-13,Stuart Beattie,"Aaron Eckhart, Bill Nighy, Yvonne Strahovski, Miranda Otto, Jai Courtney, Socratis Otto, Caitlin Stasey, Mahesh Jadu, Steve Mouzakis, Aden Young, Nicholas Bell, Deniz Akdeniz, Chris Pang, Kevin Grevioux, Bruce Spence, Virginie LeBrun, Penny Higgs, Goran D. Kleut, Yasca Sinigaglia, Nicole Downs, John Brently Reynolds, Rick Tonna"
153,Water,,Horror,"Apr 28, 2006",3000000,5529144,11322573,8322573,PG-13,Dick Clement,"Michael Caine, Brenda Vaccaro, Valerie Perrine, Billy Connolly, Leonard Rossiter, Maureen Lipman, Dennis Dugan, Fulton Mackay, Jimmie ""J.J."" Walker, Dick Shawn, Fred Gwynne, Trevor Laird, Chris Tummings, Stefan Kalipha, Alan Igbon, Kelvin Omard, James Oscar Lee, Charles Thomas Murphy, Felicity Dean, William Hootkins, Alan Shearman, Bill Bailey, Richard Pearson, Paul Heiney, Glory Annen, Bruce Boa, Danny Brainin, Jacqueline De Peza, Harry Ditson, Ben Feitelson, Darcy Flynn, Christopher Gilbert, Rashid Karapiet, Sabu Kimura, Julie Legrand, Lucita Lijertwood, Mike Moran, Alfred Molina, Bill Persky, Manning Redwood, Bill Reimbold, Bob Sessions, Ruby Wax, Eric Clapton, George Harrison, Ringo Starr"
154,Water,,Horror,"Apr 28, 2006",3000000,5529144,11322573,8322573,PG-13,Deepa Mehta,"Lisa Ray, John Abraham, Kalbushan Kharbadna, Seema Biswas, Kulbhushan Kharbanda, Sarala, Waheeda Rehman, Raghubir Yadav, Vinay Pathak, Vidula Javalgekar, Gerson Da Cuhna, Manorama, Meera Biswas, Gerson Da Cunha, Deepa Mehta, Buddhi Wickrama, Ronica Sajnani, Rinsly Weerarathne, Iranganie Serasinghe, Hermantha Gamage, Rishma Malik, Sanoja Bibile, Dolly Ahluwalia Tewari, Daya Alwis, Delon Weerasinghe, Eric Seema, Francisca Mudannayake, Mulchand Dedhia, Isuru Navodya, Niroshan Wijesinghe, Vasanth Nath, Mohan Jhangiani, Zul Vilani"
155,Let Me In,74.0,Horror,"Oct 1, 2010",20000000,12134935,28270399,8270399,R,Matt Reeves,"Kodi Smit-McPhee, Chloë Grace Moretz, Richard Jenkins, Cara Buono, Elias Koteas, Sasha Barrese, Dylan Kenin, Chris Browning, Ritchie Coster, Dylan Minnette, Jimmy ""Jax"" Pinchak, Jimmy 'Jax' Pinchak, Nicolai Dorian, Rebekah Wiggins, Seth Adkins, Ashton Moio, Brett DelBuono, Gwendolyn Apple, Colin Moretz, Rowbie Orsati, Rowbie Orsatti, Brenda Wehle, Galen Hutchison, Galen Hutchinson, Dean Satriano, Rachel Hroncich, Deborah L. Mazor, Frank Bond, Kayla Anderson, Tobin Espeset, Ben Bode, Juliet Lopez, Jon Kristian Moore"
156,Meet the Blacks,94.0,"Comedy,Horror","Apr 1, 2016",900000,9097072,9097072,8197072,R,Deon Taylor,"Mike Epps, Charlie Murphy, Andrew Bachelor, Bresha Webb, George Lopez, Lil Duval, Zulay Henao, Alex Henderson, Mike Tyson, DeRay Davis, Perez Hilton, Kathrien Ahn, Michael Blackson, Kate Enggren, Phil Austin, Jeffrey T Ferguson, Michael Caradonna, Gary Owen"
157,The Belko Experiment,89.0,"Horror,Thriller","Mar 17, 2017",5000000,10166820,11792942,6792942,R,Greg McLean,"John Gallagher Jr., Adria Arjona, Tony Goldwyn, Michael Rooker, Sean Gunn, John C. McGinley, Melonie Diaz, Josh Brener, Owain Yeoman, Brent Sexton"
158,Trance,83.0,Horror,"Apr 5, 2013",16000000,2322593,22594052,6594052,R,Danny Boyle,"James McAvoy, Vincent Cassel, Rosario Dawson, Matt Cross, Wahab Sheikh, Danny Sapani, Mark Poltimore, Tuppence Middleton, Simon Kunz, Michael Shaeffer, Tony Jayawardena, Vincent Montuel, Jai Rajani, Spencer Wilding, Gursharan Chaggar, Edward Rising"
159,Red River,77.0,Horror,"Aug 26, 1948",3000000,9012000,9012000,6012000,NR,Howard Hawks,"John Wayne, Montgomery Clift, Joanne Dru, Walter Brennan, Coleen Gray, John Ireland, Harry Carey, Harry Carey Jr., Paul Fix, Mickey Kuhn, Chief Yowlachie, Ivan Parry, Noah Beery Jr., Ray Hyke, Hank Worden, Dan White, Paul Fierro, Bill Self, William Self, Hal Taliaferro, Tom Tyler, Lane Chandler, Glenn Strange, Shelley Winters, Lee Phelps, George Lloyd"
160,The Babadook,94.0,"Drama,Horror","Nov 28, 2014",2000000,950792,7482387,5482387,NR,Jennifer Kent,"Essie Davis, Noah Wiseman, Barbara West, Daniel Henshall, Hayley McElhinney, Tim Purcell, Tiffany Lyndall-Knight, Cathy Adamek, Peta Shannon, Benjamin Winspear, Michael Gilmour, Adam Morgan, John Maurice Sullivan, Craig Behenna, Terence Crawford, Carmel Johnson, Lise Hachi, Michelle Nightingale, Pippa Wanganeen, Pippa Wanganeeh, Chloe Hurn, Lotte Crawford, Stephen Sheehan, Lucy Hong, Chris Roberts, Tony Mack, Sophie Riggs, Craig McArdle, Sophie Allan, Bridget Walters, Isla Zorkovic, Ethan Grabis, Jacqy Phillips, Annie Batten, India Zorkovic, Charlie Crabtree"
161,The Reef,94.0,"Adventure,Drama,Horror","Dec 31, 2010",10000000,0,15037867,5037867,R,Andrew Traucki,"Damian Walshe-Howling, Zoe Naylor, Adrienne Pickering, Gyton Grantley, Kieran Darcy-Smith, Damien Walshe-Howling"
162,Incarnate,91.0,"Horror,Thriller","Dec 2, 2016",5000000,4799774,9371036,4371036,PG-13,Brad Peyton,"Aaron Eckhart, Carice van Houten, Catalina Sandino Moreno, David Mazouz, Keir O'Donnell, Emjay Anthony"
163,Knock Knock,55.0,Horror,"Oct 9, 2015",2000000,36336,6328516,4328516,R,Eli Roth,"Keanu Reeves, Lorenza Izzo, Ana de Armas, Aaron Burns, Ignacia Allamand, Colleen Camp, Dan Baily, Megan Baily, Antonio Quercia"
164,Alive,91.0,"Horror,Thriller","Jan 15, 1993",32000000,36299670,36299670,4299670,R,Frank Marshall,"Ethan Hawke, Vincent Spano, Josh Hamilton, Bruce Ramsay, John Haymes Newton, David Kriegel, Kevin Breznahan, Sam Behrens, Illeana Douglas, Jack Noseworthy, Christian J. Meoli, Jake Carpenter, Michael DeLorenzo, José Zúñiga, Danny Nucci, David Cubitt, Gian DiDonna, John Cassini, Michael Woolson, Chad Willett, Richard Ian Cox, Gordon Currie, Ele Keats, Josh Lucas, Silvio Pollio, Nuno Antunes, Michael Tayles, Steven Shayler, Jason Gaffney, Jerry Wasserman, Michael Sicoly, Diana Barrington, Jan D'Arcy, Frank Pellegrino, Seth James Arnett, Aurelio DiNunzio, Fiona Roeske, Tony Morelli, Patrick Ramano, John Malkovich, John Patrick Shanley"
165,Next,7.0,Horror,"Apr 27, 2007",70000000,18211013,73591500,3591500,PG-13,Lee Tamahori,"Nicolas Cage, Julianne Moore, Jessica Biel, Thomas Kretschmann, Tory Kittles, Jason Butler Harner, Michael Trucco, Enzo Cilenti, Laetitia Danielle, José Zúñiga, Nicolas Pajon, Max Lee, Sam Kim, Kaynece Watahomigie, Dimitri Watahomigie, Dean Chudworth, Chris Palermo, John Scanlon, Jim Beaver, Jack Ong, Alice Kim Cage, Jessica Barth, Edith Fields, Richard Kay, Bonita Friedericy, Danny Downey, Mike Runyard, Nuce Ty-Teray Marshall, Mavis Jones, Paul Rae, Hinetoa, Jeff Michael, Thomas Siyuja Sr., Sergej Trifunovic, Lisa Joyner, Charles Chun, Patricia Prata, Nuce Ty-Teray, Jon Hughes, Nuce Marshall, Lorilynn Failor, Peter Falk, Miranda Frigon, Christopher Logan, Adam Lieberman, Dean Cudworth, John Thomas Scanlon"
166,Cyrus,87.0,"Crime,Horror,Mystery","Jun 18, 2010",7000000,7468936,10062896,3062896,R,"Jay Duplass, Mark Duplass","John C. Reilly, Jonah Hill, Marisa Tomei, Catherine Keener, Matt Walsh, Diane Mizota, Kathy Ann Wittes, Katie Aselton, Jamie Donnelly, Tim Guinee, Tom Guinee, Charlie Brewer, Steve Zissis, Newell Alexander, Steve Alterman, Mitch Carter, David Cowgill, Elisa Pensler Gabrielli, Bridget Hoffman, Edie Mirman, Michelle Ruff"
167,The Awakening,83.0,"Horror,Thriller","Aug 17, 2012",4900000,95933,6924321,2024321,R,Mike Newell,"Charlton Heston, Susannah York, Jill Townsend, Stephanie Zimbalist, Patrick Drury, Bruce Myers, Nadim Sawalha, Ian McDiarmid, Osman Ahmed, Miriam Margolyes, Michael Mellinger, Leonard Maguire, Ishia Bennison, Madhav Sharma, Christopher Fairbank, Michael Halphie, Roger Kemp"
168,The Awakening,83.0,"Horror,Thriller","Aug 17, 2012",4900000,95933,6924321,2024321,R,Nick Murphy,"Rebecca Hall, Dominic West, Imelda Staunton, Isaac Hempstead Wright, Shaun Dooley, Joseph Mawle, Sarah Curtis"
169,The Vatican Tapes,91.0,"Horror,Thriller","Jul 24, 2015",13000000,1784763,14929184,1929184,PG-13,Mark Neveldine,"Olivia Taylor Dudley, Michael Peña, Djimon Hounsou, Dougray Scott, John Patrick Amedori, Kathleen Robertson, Alex Sparrow, Cas Anvar, Peter Andersson, Sam Upton, Michael Halsey, Jarvis W. George, Michael Paré, Alex Corrado, Montanna Gillis, Chance Lang, Chance Langton, Noemi Gonzalez, Allegra Lucchesi, Ashley Gibson, Scott Sheldon, Max D. Adams, Ann Reilly, Amie Dellavalle, Alison Lohman, Michael Gabriel, Natasha Wright, Daniel Bernhardt, Shawn Crahan"
170,The Forsaken,86.0,"Drama,Horror,Thriller","Apr 27, 2001",5000000,6755271,6755271,1755271,R,J.S. Cardone,"Kerr Smith, Brendan Fehr, Izabella Miko, Phina Oruche, Simon Rex, Carrie Snodgress, Johnathon Schaech, Alex Thorpe, Alexis Thorpe, A.J. Buckley, Sara Downing, F.J. Flynn, Walter A. Johnson, Bryan Kirkwood, Jamie Marsh, Matt Reid, Ryan Shuck, Marc Vann, Ed Anders, Elizabeth Barondes, Jessica R. Butts, Bert Emmett, Jack Leal, James O'Shea, Martha Parker, Tony Pierce, Julia Schultz, Beth Ann Styne"
171,Friend Request,106.0,Horror,"Sep 22, 2017",9900000,3759078,11310835,1410835,R,Simon Verhoeven,"Alycia Debnam-Carey, William Moseley, Connor Paolo, Brit Morgan, Brooke Markham, Sean Marquette, Liesl Ahlers"
